province,date,var,min,lower,midlow,median,midhigh,upper,max,mean,runname
Hubei,2019-11-01,"Prevalence of infections eligible
 for international travel",0,0,0,0,0,0,0,0,diffuse_r_local
Hubei,2019-11-01,Prevalence of all infected individuals,0,0,0,0,0,0,0,0,diffuse_r_local
Hubei,2019-11-01,Prevalence of pre-symptomatic infections,0,0,0,0,0,0,0,0,diffuse_r_local
Hubei,2019-11-01,"Prevalence of symptomatic, 
not yet recovered infections",0,0,0,0,0,0,0,0,diffuse_r_local
Hubei,2019-11-02,"Prevalence of infections eligible
 for international travel",0,0,0,0,0,0,0,0,diffuse_r_local
Hubei,2019-11-02,Prevalence of all infected individuals,0,0,0,0,0,0,0,0,diffuse_r_local
Hubei,2019-11-02,Prevalence of pre-symptomatic infections,0,0,0,0,0,0,0,0,diffuse_r_local
Hubei,2019-11-02,"Prevalence of symptomatic, 
not yet recovered infections",0,0,0,0,0,0,0,0,diffuse_r_local
Hubei,2019-11-03,"Prevalence of infections eligible
 for international travel",0,0,0,0,0,0,0,0,diffuse_r_local
Hubei,2019-11-03,Prevalence of all infected individuals,0,0,0,0,0,0,0,0,diffuse_r_local
Hubei,2019-11-03,Prevalence of pre-symptomatic infections,0,0,0,0,0,0,0,0,diffuse_r_local
Hubei,2019-11-03,"Prevalence of symptomatic, 
not yet recovered infections",0,0,0,0,0,0,0,0,diffuse_r_local
Hubei,2019-11-04,"Prevalence of infections eligible
 for international travel",0,0,0,0,0,0,0,0,diffuse_r_local
Hubei,2019-11-04,Prevalence of all infected individuals,0,0,0,0,0,0,0,0,diffuse_r_local
Hubei,2019-11-04,Prevalence of pre-symptomatic infections,0,0,0,0,0,0,0,0,diffuse_r_local
Hubei,2019-11-04,"Prevalence of symptomatic, 
not yet recovered infections",0,0,0,0,0,0,0,0,diffuse_r_local
Hubei,2019-11-05,"Prevalence of infections eligible
 for international travel",0,0,0,0,0,0,0,0,diffuse_r_local
Hubei,2019-11-05,Prevalence of all infected individuals,0,0,0,0,0,0,0,0,diffuse_r_local
Hubei,2019-11-05,Prevalence of pre-symptomatic infections,0,0,0,0,0,0,0,0,diffuse_r_local
Hubei,2019-11-05,"Prevalence of symptomatic, 
not yet recovered infections",0,0,0,0,0,0,0,0,diffuse_r_local
Hubei,2019-11-06,"Prevalence of infections eligible
 for international travel",0,0,0,0,0,0,0,0,diffuse_r_local
Hubei,2019-11-06,Prevalence of all infected individuals,0,0,0,0,0,0,0,0,diffuse_r_local
Hubei,2019-11-06,Prevalence of pre-symptomatic infections,0,0,0,0,0,0,0,0,diffuse_r_local
Hubei,2019-11-06,"Prevalence of symptomatic, 
not yet recovered infections",0,0,0,0,0,0,0,0,diffuse_r_local
Hubei,2019-11-07,"Prevalence of infections eligible
 for international travel",0,0,0,0,0,0,0,0,diffuse_r_local
Hubei,2019-11-07,Prevalence of all infected individuals,0,0,0,0,0,0,0,0,diffuse_r_local
Hubei,2019-11-07,Prevalence of pre-symptomatic infections,0,0,0,0,0,0,0,0,diffuse_r_local
Hubei,2019-11-07,"Prevalence of symptomatic, 
not yet recovered infections",0,0,0,0,0,0,0,0,diffuse_r_local
Hubei,2019-11-08,"Prevalence of infections eligible
 for international travel",0,0,0,0,0,0,0,0,diffuse_r_local
Hubei,2019-11-08,Prevalence of all infected individuals,0,0,0,0,0,0,0,0,diffuse_r_local
Hubei,2019-11-08,Prevalence of pre-symptomatic infections,0,0,0,0,0,0,0,0,diffuse_r_local
Hubei,2019-11-08,"Prevalence of symptomatic, 
not yet recovered infections",0,0,0,0,0,0,0,0,diffuse_r_local
Hubei,2019-11-09,"Prevalence of infections eligible
 for international travel",0,0,0,0,0,0,0,0,diffuse_r_local
Hubei,2019-11-09,Prevalence of all infected individuals,0,0,0,0,0,0,0,0,diffuse_r_local
Hubei,2019-11-09,Prevalence of pre-symptomatic infections,0,0,0,0,0,0,0,0,diffuse_r_local
Hubei,2019-11-09,"Prevalence of symptomatic, 
not yet recovered infections",0,0,0,0,0,0,0,0,diffuse_r_local
Hubei,2019-11-10,"Prevalence of infections eligible
 for international travel",0,0,0,0,0,0,0,0,diffuse_r_local
Hubei,2019-11-10,Prevalence of all infected individuals,0,0,0,0,0,0,0,0,diffuse_r_local
Hubei,2019-11-10,Prevalence of pre-symptomatic infections,0,0,0,0,0,0,0,0,diffuse_r_local
Hubei,2019-11-10,"Prevalence of symptomatic, 
not yet recovered infections",0,0,0,0,0,0,0,0,diffuse_r_local
Hubei,2019-11-11,"Prevalence of infections eligible
 for international travel",0,0,0,0,0,0,0,0,diffuse_r_local
Hubei,2019-11-11,Prevalence of all infected individuals,0,0,0,0,0,0,0,0,diffuse_r_local
Hubei,2019-11-11,Prevalence of pre-symptomatic infections,0,0,0,0,0,0,0,0,diffuse_r_local
Hubei,2019-11-11,"Prevalence of symptomatic, 
not yet recovered infections",0,0,0,0,0,0,0,0,diffuse_r_local
Hubei,2019-11-12,"Prevalence of infections eligible
 for international travel",0,0,0,0,0,0,0,0,diffuse_r_local
Hubei,2019-11-12,Prevalence of all infected individuals,0,0,0,0,0,0,0,0,diffuse_r_local
Hubei,2019-11-12,Prevalence of pre-symptomatic infections,0,0,0,0,0,0,0,0,diffuse_r_local
Hubei,2019-11-12,"Prevalence of symptomatic, 
not yet recovered infections",0,0,0,0,0,0,0,0,diffuse_r_local
Hubei,2019-11-13,"Prevalence of infections eligible
 for international travel",0,0,0,0,0,0,0,0,diffuse_r_local
Hubei,2019-11-13,Prevalence of all infected individuals,0,0,0,0,0,0,0,0,diffuse_r_local
Hubei,2019-11-13,Prevalence of pre-symptomatic infections,0,0,0,0,0,0,0,0,diffuse_r_local
Hubei,2019-11-13,"Prevalence of symptomatic, 
not yet recovered infections",0,0,0,0,0,0,0,0,diffuse_r_local
Hubei,2019-11-14,"Prevalence of infections eligible
 for international travel",0,0,0,0,0,0,0,0,diffuse_r_local
Hubei,2019-11-14,Prevalence of all infected individuals,0,0,0,0,0,0,0,0,diffuse_r_local
Hubei,2019-11-14,Prevalence of pre-symptomatic infections,0,0,0,0,0,0,0,0,diffuse_r_local
Hubei,2019-11-14,"Prevalence of symptomatic, 
not yet recovered infections",0,0,0,0,0,0,0,0,diffuse_r_local
Hubei,2019-11-15,"Prevalence of infections eligible
 for international travel",0,0,0,0,0,0,0,0,diffuse_r_local
Hubei,2019-11-15,Prevalence of all infected individuals,0,0,0,0,0,0,0,0,diffuse_r_local
Hubei,2019-11-15,Prevalence of pre-symptomatic infections,0,0,0,0,0,0,0,0,diffuse_r_local
Hubei,2019-11-15,"Prevalence of symptomatic, 
not yet recovered infections",0,0,0,0,0,0,0,0,diffuse_r_local
Hubei,2019-11-16,"Prevalence of infections eligible
 for international travel",0,0,0,0,0,0,0,0,diffuse_r_local
Hubei,2019-11-16,Prevalence of all infected individuals,0,0,0,0,0,0,0,0,diffuse_r_local
Hubei,2019-11-16,Prevalence of pre-symptomatic infections,0,0,0,0,0,0,0,0,diffuse_r_local
Hubei,2019-11-16,"Prevalence of symptomatic, 
not yet recovered infections",0,0,0,0,0,0,0,0,diffuse_r_local
Hubei,2019-11-17,"Prevalence of infections eligible
 for international travel",0,0,0,0,0,0,0,0,diffuse_r_local
Hubei,2019-11-17,Prevalence of all infected individuals,0,0,0,0,0,0,0,0,diffuse_r_local
Hubei,2019-11-17,Prevalence of pre-symptomatic infections,0,0,0,0,0,0,0,0,diffuse_r_local
Hubei,2019-11-17,"Prevalence of symptomatic, 
not yet recovered infections",0,0,0,0,0,0,0,0,diffuse_r_local
Hubei,2019-11-18,"Prevalence of infections eligible
 for international travel",0,0,0,0,0,0,0,0,diffuse_r_local
Hubei,2019-11-18,Prevalence of all infected individuals,0,0,0,0,0,0,0,0,diffuse_r_local
Hubei,2019-11-18,Prevalence of pre-symptomatic infections,0,0,0,0,0,0,0,0,diffuse_r_local
Hubei,2019-11-18,"Prevalence of symptomatic, 
not yet recovered infections",0,0,0,0,0,0,0,0,diffuse_r_local
Hubei,2019-11-19,"Prevalence of infections eligible
 for international travel",0,0,0,0,0,0,0,0,diffuse_r_local
Hubei,2019-11-19,Prevalence of all infected individuals,0,0,0,0,0,0,0,0,diffuse_r_local
Hubei,2019-11-19,Prevalence of pre-symptomatic infections,0,0,0,0,0,0,0,0,diffuse_r_local
Hubei,2019-11-19,"Prevalence of symptomatic, 
not yet recovered infections",0,0,0,0,0,0,0,0,diffuse_r_local
Hubei,2019-11-20,"Prevalence of infections eligible
 for international travel",0,0,0,0,0,0,0,0,diffuse_r_local
Hubei,2019-11-20,Prevalence of all infected individuals,0,0,0,0,0,0,0,0,diffuse_r_local
Hubei,2019-11-20,Prevalence of pre-symptomatic infections,0,0,0,0,0,0,0,0,diffuse_r_local
Hubei,2019-11-20,"Prevalence of symptomatic, 
not yet recovered infections",0,0,0,0,0,0,0,0,diffuse_r_local
Hubei,2019-11-21,"Prevalence of infections eligible
 for international travel",0,0,0,0,0,0,0,0,diffuse_r_local
Hubei,2019-11-21,Prevalence of all infected individuals,0,0,0,0,0,0,0,0,diffuse_r_local
Hubei,2019-11-21,Prevalence of pre-symptomatic infections,0,0,0,0,0,0,0,0,diffuse_r_local
Hubei,2019-11-21,"Prevalence of symptomatic, 
not yet recovered infections",0,0,0,0,0,0,0,0,diffuse_r_local
Hubei,2019-11-22,"Prevalence of infections eligible
 for international travel",0,0,0,0,0,0,0,0,diffuse_r_local
Hubei,2019-11-22,Prevalence of all infected individuals,0,0,0,0,0,0,0,0,diffuse_r_local
Hubei,2019-11-22,Prevalence of pre-symptomatic infections,0,0,0,0,0,0,0,0,diffuse_r_local
Hubei,2019-11-22,"Prevalence of symptomatic, 
not yet recovered infections",0,0,0,0,0,0,0,0,diffuse_r_local
Hubei,2019-11-23,"Prevalence of infections eligible
 for international travel",0,0,0,0,0,0,0,0,diffuse_r_local
Hubei,2019-11-23,Prevalence of all infected individuals,0,0,0,0,0,0,0,0,diffuse_r_local
Hubei,2019-11-23,Prevalence of pre-symptomatic infections,0,0,0,0,0,0,0,0,diffuse_r_local
Hubei,2019-11-23,"Prevalence of symptomatic, 
not yet recovered infections",0,0,0,0,0,0,0,0,diffuse_r_local
Hubei,2019-11-24,"Prevalence of infections eligible
 for international travel",0,0,0,0,0,0,0,0,diffuse_r_local
Hubei,2019-11-24,Prevalence of all infected individuals,0,0,0,0,0,0,0,0,diffuse_r_local
Hubei,2019-11-24,Prevalence of pre-symptomatic infections,0,0,0,0,0,0,0,0,diffuse_r_local
Hubei,2019-11-24,"Prevalence of symptomatic, 
not yet recovered infections",0,0,0,0,0,0,0,0,diffuse_r_local
Hubei,2019-11-25,"Prevalence of infections eligible
 for international travel",0,0,0,0,0,0,0,0,diffuse_r_local
Hubei,2019-11-25,Prevalence of all infected individuals,0,0,0,0,0,0,0,0,diffuse_r_local
Hubei,2019-11-25,Prevalence of pre-symptomatic infections,0,0,0,0,0,0,0,0,diffuse_r_local
Hubei,2019-11-25,"Prevalence of symptomatic, 
not yet recovered infections",0,0,0,0,0,0,0,0,diffuse_r_local
Hubei,2019-11-26,"Prevalence of infections eligible
 for international travel",0,0,0,0,0,0,0,0,diffuse_r_local
Hubei,2019-11-26,Prevalence of all infected individuals,0,0,0,0,0,0,0,0,diffuse_r_local
Hubei,2019-11-26,Prevalence of pre-symptomatic infections,0,0,0,0,0,0,0,0,diffuse_r_local
Hubei,2019-11-26,"Prevalence of symptomatic, 
not yet recovered infections",0,0,0,0,0,0,0,0,diffuse_r_local
Hubei,2019-11-27,"Prevalence of infections eligible
 for international travel",0,0,0,0,0,0,0,0,diffuse_r_local
Hubei,2019-11-27,Prevalence of all infected individuals,0,0,0,0,0,0,0,0,diffuse_r_local
Hubei,2019-11-27,Prevalence of pre-symptomatic infections,0,0,0,0,0,0,0,0,diffuse_r_local
Hubei,2019-11-27,"Prevalence of symptomatic, 
not yet recovered infections",0,0,0,0,0,0,0,0,diffuse_r_local
Hubei,2019-11-28,"Prevalence of infections eligible
 for international travel",0,0,0,0,0,0,0,0,diffuse_r_local
Hubei,2019-11-28,Prevalence of all infected individuals,0,0,0,0,0,0,0,0,diffuse_r_local
Hubei,2019-11-28,Prevalence of pre-symptomatic infections,0,0,0,0,0,0,0,0,diffuse_r_local
Hubei,2019-11-28,"Prevalence of symptomatic, 
not yet recovered infections",0,0,0,0,0,0,0,0,diffuse_r_local
Hubei,2019-11-29,"Prevalence of infections eligible
 for international travel",0,0,0,0,0,0,0,0,diffuse_r_local
Hubei,2019-11-29,Prevalence of all infected individuals,0,0,0,0,0,0,0,0,diffuse_r_local
Hubei,2019-11-29,Prevalence of pre-symptomatic infections,0,0,0,0,0,0,0,0,diffuse_r_local
Hubei,2019-11-29,"Prevalence of symptomatic, 
not yet recovered infections",0,0,0,0,0,0,0,0,diffuse_r_local
Hubei,2019-11-30,"Prevalence of infections eligible
 for international travel",0,0,0,0,0,0,0,0,diffuse_r_local
Hubei,2019-11-30,Prevalence of all infected individuals,0,0,0,0,0,0,0,0,diffuse_r_local
Hubei,2019-11-30,Prevalence of pre-symptomatic infections,0,0,0,0,0,0,0,0,diffuse_r_local
Hubei,2019-11-30,"Prevalence of symptomatic, 
not yet recovered infections",0,0,0,0,0,0,0,0,diffuse_r_local
Hubei,2019-12-01,"Prevalence of infections eligible
 for international travel",0,0,0,0,0,0,0,0,diffuse_r_local
Hubei,2019-12-01,Prevalence of all infected individuals,0,0,0,0,0,0,0,0,diffuse_r_local
Hubei,2019-12-01,Prevalence of pre-symptomatic infections,0,0,0,0,0,0,0,0,diffuse_r_local
Hubei,2019-12-01,"Prevalence of symptomatic, 
not yet recovered infections",0,0,0,0,0,0,0,0,diffuse_r_local
Hubei,2019-12-02,"Prevalence of infections eligible
 for international travel",0,0,0,0,0,0,0,0,diffuse_r_local
Hubei,2019-12-02,Prevalence of all infected individuals,0,0,0,0,0,0,0,0,diffuse_r_local
Hubei,2019-12-02,Prevalence of pre-symptomatic infections,0,0,0,0,0,0,0,0,diffuse_r_local
Hubei,2019-12-02,"Prevalence of symptomatic, 
not yet recovered infections",0,0,0,0,0,0,0,0,diffuse_r_local
Hubei,2019-12-03,"Prevalence of infections eligible
 for international travel",0,0,0,0,0,0,0,0,diffuse_r_local
Hubei,2019-12-03,Prevalence of all infected individuals,0,0,0,0,0,0,0,0,diffuse_r_local
Hubei,2019-12-03,Prevalence of pre-symptomatic infections,0,0,0,0,0,0,0,0,diffuse_r_local
Hubei,2019-12-03,"Prevalence of symptomatic, 
not yet recovered infections",0,0,0,0,0,0,0,0,diffuse_r_local
Hubei,2019-12-04,"Prevalence of infections eligible
 for international travel",0,0,0,0,0,0,0,0,diffuse_r_local
Hubei,2019-12-04,Prevalence of all infected individuals,0,0,0,0,0,0,0,0,diffuse_r_local
Hubei,2019-12-04,Prevalence of pre-symptomatic infections,0,0,0,0,0,0,0,0,diffuse_r_local
Hubei,2019-12-04,"Prevalence of symptomatic, 
not yet recovered infections",0,0,0,0,0,0,0,0,diffuse_r_local
Hubei,2019-12-05,"Prevalence of infections eligible
 for international travel",0,0,0,0,0,0,0,0,diffuse_r_local
Hubei,2019-12-05,Prevalence of all infected individuals,0,0,0,0,0,0,0,0,diffuse_r_local
Hubei,2019-12-05,Prevalence of pre-symptomatic infections,0,0,0,0,0,0,0,0,diffuse_r_local
Hubei,2019-12-05,"Prevalence of symptomatic, 
not yet recovered infections",0,0,0,0,0,0,0,0,diffuse_r_local
Hubei,2019-12-06,"Prevalence of infections eligible
 for international travel",0,0,0,0,0,0,0,0,diffuse_r_local
Hubei,2019-12-06,Prevalence of all infected individuals,0,0,0,0,0,0,0,0,diffuse_r_local
Hubei,2019-12-06,Prevalence of pre-symptomatic infections,0,0,0,0,0,0,0,0,diffuse_r_local
Hubei,2019-12-06,"Prevalence of symptomatic, 
not yet recovered infections",0,0,0,0,0,0,0,0,diffuse_r_local
Hubei,2019-12-07,"Prevalence of infections eligible
 for international travel",0,0,0,0,0,0,0,0,diffuse_r_local
Hubei,2019-12-07,Prevalence of all infected individuals,0,0,0,0,0,0,0,0,diffuse_r_local
Hubei,2019-12-07,Prevalence of pre-symptomatic infections,0,0,0,0,0,0,0,0,diffuse_r_local
Hubei,2019-12-07,"Prevalence of symptomatic, 
not yet recovered infections",0,0,0,0,0,0,0,0,diffuse_r_local
Hubei,2019-12-08,"Prevalence of infections eligible
 for international travel",0.2894753131403586,0.28993282733459147,0.2914121652428533,0.2921864459008079,0.29296939982437353,0.29430620901526394,0.29464452518472223,0.29218456935350245,diffuse_r_local
Hubei,2019-12-08,Prevalence of all infected individuals,0.2894753131403586,0.28993282733459147,0.2914121652428533,0.2921864459008079,0.29296939982437353,0.29430620901526394,0.29464452518472223,0.29218456935350245,diffuse_r_local
Hubei,2019-12-08,Prevalence of pre-symptomatic infections,0.2894600697592905,0.2899175598614406,0.29139681986975574,0.29217105975513114,0.2929539724493951,0.2942907112457096,0.29462900959989297,0.29216918330664216,diffuse_r_local
Hubei,2019-12-08,"Prevalence of symptomatic, 
not yet recovered infections",1.52433810680909e-5,1.5267473150870238e-5,1.5345373097568536e-5,1.5386145676738804e-5,1.5427374978423268e-5,1.5497769554357932e-5,1.5515584829300042e-5,1.538604686027892e-5,diffuse_r_local
Hubei,2019-12-09,"Prevalence of infections eligible
 for international travel",0.6673887981674509,0.668579384355481,0.6724319869310624,0.6744502115603108,0.6764922909847018,0.6799818197012928,0.6808655201661236,0.6744466260866299,diffuse_r_local
Hubei,2019-12-09,Prevalence of all infected individuals,0.6673889809736645,0.668579567450619,0.6724321709604151,0.6744503960786288,0.6764924759974619,0.6799820055582598,0.6808657062367401,0.6744468106037627,diffuse_r_local
Hubei,2019-12-09,Prevalence of pre-symptomatic infections,0.663543112574321,0.6647276135266221,0.6685605397935166,0.670568465812692,0.6726001311993125,0.6760718789194693,0.676951079385759,0.6705649052299649,diffuse_r_local
Hubei,2019-12-09,"Prevalence of symptomatic, 
not yet recovered infections",0.0038458683993435275,0.0038519539239968313,0.003871631166898482,0.003881930265936675,0.003892344798149507,0.003910126638790426,0.003914626850981156,0.0038819053737976983,diffuse_r_local
Hubei,2019-12-10,"Prevalence of infections eligible
 for international travel",1.1790904810716885,1.18144315846184,1.1890617979749853,1.1930563362810374,1.197100492385208,1.204016784288715,1.2057694089299391,1.1930517562921996,diffuse_r_local
Hubei,2019-12-10,Prevalence of all infected individuals,1.1791373470555546,1.1814900986028918,1.1891089778995991,1.1931036417087162,1.1971479247225878,1.204064433312522,1.2058171127925457,1.1930990614165338,diffuse_r_local
Hubei,2019-12-10,Prevalence of pre-symptomatic infections,1.1435565029190098,1.1458512059098807,1.1532823503538348,1.1571787304861685,1.1611236122027968,1.1678703650647138,1.1695800754592207,1.1571743709346176,diffuse_r_local
Hubei,2019-12-10,"Prevalence of symptomatic, 
not yet recovered infections",0.03558084413654492,0.03563889269301121,0.035826627545764475,0.0359249112225474,0.03602431251979097,0.03619406824780843,0.03623703733332495,0.035924690481916106,diffuse_r_local
Hubei,2019-12-11,"Prevalence of infections eligible
 for international travel",1.8668684531220752,1.8710064137019904,1.8844161153964294,1.8914529524534553,1.898581381363658,1.9107821217623138,1.913875803556761,1.8914492650492303,diffuse_r_local
Hubei,2019-12-11,Prevalence of all infected individuals,1.8674842075723173,1.871623163443099,1.8850360838135907,1.8920746058059958,1.8992047387289188,1.9114083890173559,1.9145028073335264,1.8920709145309043,diffuse_r_local
Hubei,2019-12-11,Prevalence of pre-symptomatic infections,1.7382207064976856,1.742136321060752,1.754826661241505,1.7614867295908,1.7682339895509491,1.7797835071851738,1.7827122956245238,1.7614837670794476,diffuse_r_local
Hubei,2019-12-11,"Prevalence of symptomatic, 
not yet recovered infections",0.1292635010746318,0.12948684238234745,0.1302094225720856,0.13058787621519574,0.13097074917796964,0.13162488183218204,0.13179051170900277,0.13058714745145658,diffuse_r_local
Hubei,2019-12-12,"Prevalence of infections eligible
 for international travel",2.761819718146836,2.768600277380305,2.7905900560874697,2.802139311856952,2.8138458688570545,2.8338986105596367,2.8389865408825723,2.8021405623466054,diffuse_r_local
Hubei,2019-12-12,Prevalence of all infected individuals,2.7654211272044553,2.772207695924821,2.7942169128547536,2.8057763467882557,2.8174931989434366,2.8375635254339406,2.8426559074536684,2.805777575728404,diffuse_r_local
Hubei,2019-12-12,Prevalence of pre-symptomatic infections,2.456325838223523,2.4625385580792534,2.482690297874691,2.493276327939453,2.5040080288648663,2.522394354079982,2.5270601608853385,2.4932790327902463,diffuse_r_local
Hubei,2019-12-12,"Prevalence of symptomatic, 
not yet recovered infections",0.3090952889809316,0.30966913784556815,0.3115266149800624,0.31250001884880196,0.31348517007857046,0.3151691713539584,0.31559574656832995,0.3124985429381576,diffuse_r_local
Hubei,2019-12-13,"Prevalence of infections eligible
 for international travel",3.907099209887161,3.917702366874156,3.952115157770015,3.9702050330035403,3.988552452448202,4.020006685244897,4.027992700537127,3.9702186737617233,diffuse_r_local
Hubei,2019-12-13,Prevalence of all infected individuals,3.9203928141649813,3.9310190826196223,3.9655066503014944,3.983635692451344,4.0020227378150235,4.03354467471076,4.0415478338065105,3.9836492595037902,diffuse_r_local
Hubei,2019-12-13,Prevalence of pre-symptomatic infections,3.329101150785201,3.338537248875198,3.369170243047641,3.3852780056780847,3.401618465286631,3.4296398778518675,3.4367558922450394,3.385293681846386,diffuse_r_local
Hubei,2019-12-13,"Prevalence of symptomatic, 
not yet recovered infections",0.5912916633797809,0.5924818337444242,0.5963364072538532,0.5983576867732594,0.6004042725283927,0.6039047968588932,0.6047919415614716,0.5983555776574045,diffuse_r_local
Hubei,2019-12-14,"Prevalence of infections eligible
 for international travel",5.367921928100292,5.383981028883183,5.43614139006921,5.463585228314564,5.491436991223766,5.539225340632153,5.551366527465397,5.463623936206259,diffuse_r_local
Hubei,2019-12-14,Prevalence of all infected individuals,5.404572674761799,5.420698661999702,5.473075505379073,5.500632777582892,5.528599334537667,5.5765838904005065,5.588774774277504,5.50067130419292,diffuse_r_local
Hubei,2019-12-14,Prevalence of pre-symptomatic infections,4.411893624988283,4.425841817847405,4.471161191394984,4.495015009055473,4.519229907298783,4.5607932664367485,4.571355957356894,4.495055476607261,diffuse_r_local
Hubei,2019-12-14,"Prevalence of symptomatic, 
not yet recovered infections",0.9926790497735157,0.9948568441522972,1.0019143139840894,1.0056177685274186,1.0093694272388838,1.0157906239637575,1.0174188169206104,1.0056158275856597,diffuse_r_local
Hubei,2019-12-15,"Prevalence of infections eligible
 for international travel",7.234141738823268,7.25791701130961,7.335199840234694,7.375898470106943,7.417227839274249,7.488201478214552,7.506245241444269,7.375982874098509,diffuse_r_local
Hubei,2019-12-15,Prevalence of all infected individuals,7.317146528729301,7.34108180106912,7.418882678500618,7.459852880599541,7.501457163032633,7.572900882354935,7.5910637515559145,7.4599369394239075,diffuse_r_local
Hubei,2019-12-15,Prevalence of pre-symptomatic infections,5.780407961620993,5.800659193517985,5.866513622381977,5.901210109307359,5.936455701149473,5.99700839675572,6.012408131795269,5.901293983920978,diffuse_r_local
Hubei,2019-12-15,"Prevalence of symptomatic, 
not yet recovered infections",1.5367385671083085,1.5404226075511347,1.5523690561186405,1.558642771292183,1.5650014618831596,1.575892485599215,1.5786556197606454,1.5586429555029295,diffuse_r_local
Hubei,2019-12-16,"Prevalence of infections eligible
 for international travel",9.624385318279222,9.658995467030792,9.771585828815404,9.830932018650063,9.891235808236528,9.99488217524873,10.021250148676051,9.831094727060298,diffuse_r_local
Hubei,2019-12-16,Prevalence of all infected individuals,9.788075815195194,9.823020973565129,9.936696498951024,9.996611840044402,10.05749198240413,10.162124332535276,10.188742221073419,9.996774033912578,diffuse_r_local
Hubei,2019-12-16,Prevalence of pre-symptomatic infections,7.530979072950242,7.560008236236219,7.654486599843381,7.704312538021239,7.754961047344395,7.842055886855821,7.86422177406889,7.704468602227299,diffuse_r_local
Hubei,2019-12-16,"Prevalence of symptomatic, 
not yet recovered infections",2.257096742244954,2.2630127373289097,2.282209899107644,2.292299302023163,2.302530935059736,2.320068445679455,2.3245204470045286,2.2923054316852802,diffuse_r_local
Hubei,2019-12-17,"Prevalence of infections eligible
 for international travel",12.693440197181305,12.743174438489183,12.905092251485566,12.990516728511876,13.077374309898829,13.226787723327572,13.264824679042746,12.99080819623436,diffuse_r_local
Hubei,2019-12-17,Prevalence of all infected individuals,12.985396645197051,13.035768048538463,13.199750735745301,13.286258803574462,13.37421410432328,13.525506391013993,13.564019775790882,13.286549729069744,diffuse_r_local
Hubei,2019-12-17,Prevalence of pre-symptomatic infections,9.785217797015001,9.826426750529523,9.960656857320632,10.031515228299,10.103591307677153,10.22764504534752,10.259239593928811,10.031787318130911,diffuse_r_local
Hubei,2019-12-17,"Prevalence of symptomatic, 
not yet recovered infections",3.20017884818205,3.20934129800894,3.239093878424667,3.2547435752754614,3.2706227966461263,3.2978613456664725,3.304780181862072,3.2547624109388336,diffuse_r_local
Hubei,2019-12-18,"Prevalence of infections eligible
 for international travel",16.64273095164647,16.713470242814875,16.943954729675895,17.065664636683167,17.18949447677403,17.402690954558203,17.457002229435062,17.066161642079535,diffuse_r_local
Hubei,2019-12-18,Prevalence of all infected individuals,17.12602377685436,17.197891744325233,17.43203585133687,17.555667375265195,17.68144469036242,17.897976367747685,17.95313372968712,17.556164259507458,diffuse_r_local
Hubei,2019-12-18,Prevalence of pre-symptomatic infections,12.697839874837003,12.755884980661635,12.945110994425455,13.0450962324767,13.146866697715126,13.322185891975074,13.36686846885292,13.045550255099279,diffuse_r_local
Hubei,2019-12-18,"Prevalence of symptomatic, 
not yet recovered infections",4.428183902017358,4.442006763663598,4.486924856911416,4.510571142788493,4.534577992647293,4.575790475772611,4.586265260834201,4.510614004408179,diffuse_r_local
Hubei,2019-12-19,"Prevalence of infections eligible
 for international travel",21.73404023062658,21.833825207293003,22.159203104657017,22.331179462339506,22.506261698951636,22.80795776882843,22.884866096122707,22.33199727853839,diffuse_r_local
Hubei,2019-12-19,Prevalence of all infected individuals,22.490222709388227,22.591902656336398,22.923428180014984,23.09863463343642,23.276991875356156,23.584300010373777,23.66263270421465,23.099453757647453,diffuse_r_local
Hubei,2019-12-19,Prevalence of pre-symptomatic infections,16.46721901189874,16.548452554442484,16.813488223658368,16.953662850682917,17.096433388816727,17.342601533849006,17.405384851633247,16.95439680488603,diffuse_r_local
Hubei,2019-12-19,"Prevalence of symptomatic, 
not yet recovered infections",6.023003697489487,6.043450101893911,6.109939956356614,6.144971782753501,6.1805584865394305,6.2416984765247685,6.257247852581402,6.145056952761422,diffuse_r_local
Hubei,2019-12-20,"Prevalence of infections eligible
 for international travel",28.30717813181491,28.446973454039355,28.903175420886807,29.144517981421938,29.390374065294825,29.814388909519025,29.922551779303575,29.145827758472137,diffuse_r_local
Hubei,2019-12-20,Prevalence of all infected individuals,29.440429347401423,29.583278035317964,30.04939143192035,30.29594519017224,30.547087392444617,30.980166313372912,31.090630839365545,30.297259659805697,diffuse_r_local
Hubei,2019-12-20,Prevalence of pre-symptomatic infections,21.348940657339092,21.462004602760175,21.83118962855916,22.026630770690502,22.22582021169044,22.569569807158796,22.657301378639268,22.02778898857567,diffuse_r_local
Hubei,2019-12-20,"Prevalence of symptomatic, 
not yet recovered infections",8.09148869006233,8.121273432557794,8.218201803361186,8.269314419481738,8.321267180754173,8.41059650621412,8.433329460726277,8.269470671230028,diffuse_r_local
Hubei,2019-12-21,"Prevalence of infections eligible
 for international travel",36.802726836419396,36.99744803014316,37.633392103075366,37.97012934481165,38.31338010617657,38.90587367807619,39.05711614560349,37.97218281256382,diffuse_r_local
Hubei,2019-12-21,Prevalence of all infected individuals,38.4455453831258,38.6450315878055,39.29645264039086,39.641333082038734,39.992848162233855,40.59952196272428,40.754367133886454,39.643398116951964,diffuse_r_local
Hubei,2019-12-21,Prevalence of pre-symptomatic infections,27.67309948071057,27.829722480896518,28.341550732759075,28.612757376848947,28.88934323193458,29.36707711675434,29.489088146524836,28.614550678173227,diffuse_r_local
Hubei,2019-12-21,"Prevalence of symptomatic, 
not yet recovered infections",10.772445902415223,10.815309106908979,10.954901907631784,11.028575705189784,11.103504930299273,11.232444845969939,11.265278987361619,11.028847438778733,diffuse_r_local
Hubei,2019-12-22,"Prevalence of infections eligible
 for international travel",47.79134402289238,48.061234517044724,48.94336729168937,49.410888112232556,49.887751720034046,50.711582019981606,50.92201815745519,49.41405252798915,diffuse_r_local
Hubei,2019-12-22,Prevalence of all infected individuals,50.1122414927461,50.38938304057791,51.29508253334286,51.775012107732096,52.26447545125519,53.10993985395976,53.32587547461445,51.778200868280784,diffuse_r_local
Hubei,2019-12-22,Prevalence of pre-symptomatic infections,35.86640468763842,36.08246969031743,36.78911272767658,37.163894188391076,37.54635378850147,38.20753399841655,38.3765121655876,37.166628285422284,diffuse_r_local
Hubei,2019-12-22,"Prevalence of symptomatic, 
not yet recovered infections",14.245836805107693,14.306913350260483,14.505969805666277,14.611117919341018,14.718121662753719,14.902405855543206,14.949363309026856,14.611572582858495,diffuse_r_local
Hubei,2019-12-23,"Prevalence of infections eligible
 for international travel",62.01146932653767,62.38394354173591,63.60232343513049,64.24863777330344,64.90828147502052,66.04885648436941,66.34039660728348,64.25344514907984,diffuse_r_local
Hubei,2019-12-23,Prevalence of all infected individuals,65.22521381135095,65.6085025105173,66.86205373981423,67.52690121497375,68.20537321161923,69.37830013107107,69.67806890402305,67.53175533014608,diffuse_r_local
Hubei,2019-12-23,Prevalence of pre-symptomatic infections,46.48043377025321,46.77740495349873,47.74942543967565,48.26543002962839,48.792341479382884,49.70403419658932,49.937195028663616,48.269545398543244,diffuse_r_local
Hubei,2019-12-23,"Prevalence of symptomatic, 
not yet recovered infections",18.74478004109775,18.831097557018563,19.11262830013858,19.26147118534535,19.413031732236355,19.674265934481756,19.740873875359426,19.26220993160284,diffuse_r_local
Hubei,2019-12-24,"Prevalence of infections eligible
 for international travel",80.41766441185375,80.92976892242602,82.60619635162205,83.49629723767472,84.40532435466572,85.97844330946171,86.38081504515839,83.50351338409294,diffuse_r_local
Hubei,2019-12-24,Prevalence of all infected individuals,84.79877887181188,85.32675295737785,87.0548269557753,87.97216374677197,88.90887551494798,90.52959898923962,90.94408589014772,87.97946426778692,diffuse_r_local
Hubei,2019-12-24,Prevalence of pre-symptomatic infections,60.227637697078144,60.63446264841594,61.96710296741169,62.6751950767048,63.398713247360966,64.65166846909256,64.97232340600331,62.68132269270961,diffuse_r_local
Hubei,2019-12-24,"Prevalence of symptomatic, 
not yet recovered infections",24.571141174733743,24.692290308961912,25.08772398836361,25.296968670067173,25.510162267587006,25.877930520147046,25.9717624841444,25.29814157507732,diffuse_r_local
Hubei,2019-12-25,"Prevalence of infections eligible
 for international travel",104.24220022554401,104.94389054594475,107.24274176611708,108.4644237393502,109.71286286377313,111.8751925172023,112.4286430198414,108.47514466871257,diffuse_r_local
Hubei,2019-12-25,Prevalence of all infected individuals,110.14263146901058,110.86730329459434,113.24099809918233,114.50218060827858,115.79079334005118,118.02225473858718,118.59330946629349,114.51304719359268,diffuse_r_local
Hubei,2019-12-25,Prevalence of pre-symptomatic infections,78.02692233056896,78.58255915173325,80.40410334003397,81.3728584468969,82.36334487162047,84.08010199785826,84.5197505367041,81.38189734497604,diffuse_r_local
Hubei,2019-12-25,"Prevalence of symptomatic, 
not yet recovered infections",32.11570913844161,32.28474414286108,32.836894759148365,33.12932216138168,33.427448468430704,33.942152740728936,34.07355892958939,33.13114984861664,diffuse_r_local
Hubei,2019-12-26,"Prevalence of infections eligible
 for international travel",135.07281717758414,136.03130349057824,139.17391125796658,140.84550148328157,142.5547701010667,145.51778795287163,146.27668307223587,140.8612873460174,diffuse_r_local
Hubei,2019-12-26,Prevalence of all infected individuals,142.94496601871293,143.9363719393533,147.18626406214034,148.91452248709626,150.68145744367263,153.74378525172014,154.52798472292466,148.93055136366857,diffuse_r_local
Hubei,2019-12-26,Prevalence of pre-symptomatic infections,101.06074720691856,101.81750666367182,104.30034920102281,105.6220101489942,106.97417243601085,109.31981907869987,109.9209278708586,105.6352348024658,diffuse_r_local
Hubei,2019-12-26,"Prevalence of symptomatic, 
not yet recovered infections",41.88421881179436,42.1188652756815,42.88591486111751,43.29251233810205,43.70728500766178,44.42396617302026,44.60705685206606,43.29531656120277,diffuse_r_local
Hubei,2019-12-27,"Prevalence of infections eligible
 for international travel",174.9497930013217,176.25527464916473,180.53892170558026,182.8195016339112,185.15294279537554,189.20140351337992,190.23899820747707,182.84256175323182,diffuse_r_local
Hubei,2019-12-27,Prevalence of all infected individuals,185.37644806704242,186.7286585357764,191.16470277847736,193.52584651546485,195.94131750909258,200.13115597729814,201.2047961249038,193.549301300674,diffuse_r_local
Hubei,2019-12-27,Prevalence of pre-symptomatic infections,130.84567006579246,131.8736096920519,135.2488218638807,137.04714568947418,138.888131642778,142.0845022840599,142.9041756895617,137.0663537759267,diffuse_r_local
Hubei,2019-12-27,"Prevalence of symptomatic, 
not yet recovered infections",54.53077800124998,54.85504884372449,55.91588091459664,56.47870082599066,57.0531858663146,58.04665369323821,58.3006204353421,56.4829475247473,diffuse_r_local
Hubei,2019-12-28,"Prevalence of infections eligible
 for international travel",226.48585994969622,228.2590487767815,234.08190963146245,237.18475233000876,240.3614964251673,245.87775046441186,247.29247599961593,237.21819925519767,diffuse_r_local
Hubei,2019-12-28,Prevalence of all infected individuals,240.21902490067274,242.0580391146477,248.09573239746194,251.31224024927707,254.6047850290075,260.3207783138642,261.786460758983,251.34631427930583,diffuse_r_local
Hubei,2019-12-28,Prevalence of pre-symptomatic infections,169.318443575976,170.71110600473696,175.28747695704863,177.72800376357623,180.22800211911,184.5722935320696,185.68708995394104,177.75571815658287,diffuse_r_local
Hubei,2019-12-28,"Prevalence of symptomatic, 
not yet recovered infections",70.90058132469673,71.34693310991072,72.80825544041332,73.58423648570084,74.37678290989754,75.74848478179457,76.09937080504193,73.59059612272296,diffuse_r_local
Hubei,2019-12-29,"Prevalence of infections eligible
 for international travel",293.01446101983987,295.41640405604966,303.31014095098993,307.5202915350535,311.83340589824877,319.32927364502586,321.2529848657823,307.5684879202139,diffuse_r_local
Hubei,2019-12-29,Prevalence of all infected individuals,311.025630012753,313.519697793254,321.71431945743893,326.0837993946592,330.55933171494075,338.3355702680185,340.33085385300546,326.1329743745898,diffuse_r_local
Hubei,2019-12-29,Prevalence of pre-symptomatic infections,218.94150552827853,220.8233729217344,227.01217001963022,230.31559174950877,233.7016440281761,239.5906959579579,241.1029152833398,230.35533502911994,diffuse_r_local
Hubei,2019-12-29,"Prevalence of symptomatic, 
not yet recovered infections",92.08412448447449,92.6963248715196,94.70214943780869,95.76820764515044,96.85768768676468,98.7448743100606,99.22793856966562,95.77763934546988,diffuse_r_local
Hubei,2019-12-30,"Prevalence of infections eligible
 for international travel",378.7778178579899,382.0227162558909,392.6950585402907,398.3923242788859,404.2325655896446,414.3910940787024,416.99988245770436,398.46135530442047,diffuse_r_local
Hubei,2019-12-30,Prevalence of all infected individuals,402.32296159885743,405.69607198245393,416.7874708177918,422.7068317887165,428.77360741097306,439.323500909285,442.0322592659472,422.77736687668136,diffuse_r_local
Hubei,2019-12-30,Prevalence of pre-symptomatic infections,282.83746956468053,285.3736548056311,293.7208452551449,298.18042271508006,302.75443158628406,310.71641843649087,312.7623153787173,298.2370895343932,diffuse_r_local
Hubei,2019-12-30,"Prevalence of symptomatic, 
not yet recovered infections",119.48549203417699,120.32241717682281,123.06662556264688,124.52640907363639,126.01917582468901,128.60708247279416,129.2699438872299,124.5402773422882,diffuse_r_local
Hubei,2019-12-31,"Prevalence of infections eligible
 for international travel",489.17347857568114,493.5454939483731,507.9361129926384,515.6252638666756,523.5123027615168,537.2427128447679,540.7711462632082,515.7235815414942,diffuse_r_local
Hubei,2019-12-31,Prevalence of all infected individuals,519.8768784707946,524.4264621220974,539.3978878468483,547.3951244435666,555.5965937003706,569.8706595350935,573.5380524806519,547.4957240261173,diffuse_r_local
Hubei,2019-12-31,Prevalence of pre-symptomatic infections,364.9690055937168,368.3779478161391,379.6064477932889,385.6108719474481,391.7732558854693,402.5093561206709,405.2699477856073,385.69123576179885,diffuse_r_local
Hubei,2019-12-31,"Prevalence of symptomatic, 
not yet recovered infections",154.90787287707772,156.0485143059583,159.7914400535596,161.78425249611854,163.82333781490127,167.3613034144228,168.26810469504454,161.80448826431842,diffuse_r_local
Hubei,2020-01-01,"Prevalence of infections eligible
 for international travel",631.0664368528695,636.9417073324416,656.2954801539372,666.645890575669,677.2693279621899,695.7792651878381,700.5391268275965,666.7851912530487,diffuse_r_local
Hubei,2020-01-01,Prevalence of all infected individuals,671.0285746808037,677.1487155676426,697.304030670193,708.0799823328312,719.1379839977099,738.3999021965175,743.3520948387775,708.2227064484748,diffuse_r_local
Hubei,2020-01-01,Prevalence of pre-symptomatic infections,470.3678340100818,474.9379320937925,490.0030124001837,498.0664168154782,506.34718703143665,520.7863825316532,524.5016726086517,498.17981912201134,diffuse_r_local
Hubei,2020-01-01,"Prevalence of symptomatic, 
not yet recovered infections",200.6607406707219,202.2107834738502,207.3010182700092,210.01356551735296,212.79079696627318,217.6135196648643,218.85042223012564,210.04288732646347,diffuse_r_local
Hubei,2020-01-02,"Prevalence of infections eligible
 for international travel",813.1539156864741,821.0290491666979,846.9909760194646,860.888045129202,875.160659823754,900.0500971961047,906.4547615781512,861.0844540979427,diffuse_r_local
Hubei,2020-01-02,Prevalence of all infected individuals,865.0899324798988,873.3014512913076,900.3653042341606,914.8478969787868,929.7188093479438,955.6444021501361,962.3142500522422,915.0493918189457,diffuse_r_local
Hubei,2020-01-02,Prevalence of pre-symptomatic infections,605.3945911172539,611.5056588244825,631.666489761111,642.4672542805736,653.5662296275005,672.9363022141715,677.9237264364447,642.6265322804096,diffuse_r_local
Hubei,2020-01-02,"Prevalence of symptomatic, 
not yet recovered infections",259.6953413626451,261.7957924668251,268.69881447304954,272.38064269821314,276.15257972044316,282.70809993596447,284.3905236157974,272.422859538536,diffuse_r_local
Hubei,2020-01-03,"Prevalence of infections eligible
 for international travel",1045.8886796282507,1056.412512465059,1091.133829196065,1109.736661749205,1128.8542804256672,1162.2214314484847,1170.8134251361998,1110.012207659486,diffuse_r_local
Hubei,2020-01-03,Prevalence of all infected individuals,1113.3055425544344,1124.2898633294064,1160.520773728822,1179.9264480591332,1199.8649174955895,1234.6548156611193,1243.6111682463127,1180.2094841393905,diffuse_r_local
Hubei,2020-01-03,Prevalence of pre-symptomatic infections,777.5287813777527,785.6746044499552,812.5697818663516,826.9916850136896,841.8212754987647,867.7246582830968,874.3988557306238,827.2142960324434,diffuse_r_local
Hubei,2020-01-03,"Prevalence of symptomatic, 
not yet recovered infections",335.7767611766818,338.6152588794513,347.95099186247035,352.93476304544356,358.0436419968247,366.93015737802256,369.21231251568884,352.9951881069471,diffuse_r_local
Hubei,2020-01-04,"Prevalence of infections eligible
 for international travel",1343.2680123098394,1357.2960632436923,1403.6157629569536,1428.4555845747586,1453.9990519275343,1498.6203371343588,1510.1180850698809,1428.8405267692153,diffuse_r_local
Hubei,2020-01-04,Prevalence of all infected individuals,1430.690604984946,1445.346994683736,1493.7280976871614,1519.6651849025243,1546.331208337089,1592.8997737198674,1604.8965334624272,1520.0610725169306,diffuse_r_local
Hubei,2020-01-04,Prevalence of pre-symptomatic infections,996.9857931372355,1007.8165255597111,1043.6054751063723,1062.8144070036797,1082.5791323087294,1117.1333350237087,1126.0426406700344,1063.1242787923527,diffuse_r_local
Hubei,2020-01-04,"Prevalence of symptomatic, 
not yet recovered infections",433.70481184771074,437.5304691240251,450.1226225807889,456.85077789884474,463.75207602835985,475.7664386961588,478.85389279239297,456.93679372457797,diffuse_r_local
Hubei,2020-01-05,"Prevalence of infections eligible
 for international travel",1723.9366248106926,1742.6044427776883,1804.2939850798482,1837.4069437333087,1871.4798127550014,1931.0530892823206,1946.4141386085382,1837.943008729911,diffuse_r_local
Hubei,2020-01-05,Prevalence of all infected individuals,1837.1956848566238,1856.7182731385926,1921.2141965694118,1955.8222722565858,1991.4256440347062,2053.6560470204336,2069.698455225651,1956.3742193288322,diffuse_r_local
Hubei,2020-01-05,Prevalence of pre-symptomatic infections,1277.5806768737502,1291.960163341385,1339.5144860674761,1365.0623535764216,1391.3666191028894,1437.3947250882968,1449.2707092029195,1365.4924645184599,diffuse_r_local
Hubei,2020-01-05,"Prevalence of symptomatic, 
not yet recovered infections",559.6150079828736,564.7581097972076,581.6997105019358,590.7599186801643,600.0590249318168,616.2613219321366,620.4277460227308,590.8817548103723,diffuse_r_local
Hubei,2020-01-06,"Prevalence of infections eligible
 for international travel",2211.0686071965865,2235.873229673442,2317.90912439378,2361.984724923007,2407.36751610127,2486.7854376726455,2507.277687656439,2362.729100742263,diffuse_r_local
Hubei,2020-01-06,Prevalence of all infected individuals,2357.6672209342346,2383.631292708721,2469.476774369745,2515.583735378139,2563.0472250956027,2646.0804588933647,2667.500374391094,2516.3510085265093,diffuse_r_local
Hubei,2020-01-06,Prevalence of pre-symptomatic infections,1636.2975259285129,1655.3634279447917,1718.4683877454268,1752.4030124652015,1787.3654473026531,1848.5990351894657,1864.4094408011006,1752.9984822076108,diffuse_r_local
Hubei,2020-01-06,"Prevalence of symptomatic, 
not yet recovered infections",721.369695005722,728.2678647639292,751.0083866243181,763.1807229129377,775.6817777929498,797.4814237038987,803.0909335899935,763.3525263188986,diffuse_r_local
Hubei,2020-01-07,"Prevalence of infections eligible
 for international travel",2832.3054046493467,2865.1964482646567,2974.065999404028,3032.614171338483,3092.9384070965143,3198.5978109126863,3225.880329366726,3033.644432748502,diffuse_r_local
Hubei,2020-01-07,Prevalence of all infected individuals,3021.8862141757204,3056.3456679633964,3170.3724384611915,3231.672976849087,3294.81814284928,3405.3831055546016,3433.9251777284653,3232.7360555044684,diffuse_r_local
Hubei,2020-01-07,Prevalence of pre-symptomatic infections,2092.874539126968,2118.1016396592786,2201.6692042143613,2246.65108129276,2293.0264122970775,2374.3228046995055,2395.3284149333026,2247.4728706017136,diffuse_r_local
Hubei,2020-01-07,"Prevalence of symptomatic, 
not yet recovered infections",929.0116750487523,938.2440283041178,968.7032342468303,985.0218955563269,1001.7917305522027,1031.0603008550966,1038.5967627951627,985.2631849027551,diffuse_r_local
Hubei,2020-01-08,"Prevalence of infections eligible
 for international travel",3621.4625262229306,3664.9644363034417,3809.076186187672,3886.651640116227,3966.633615891891,4106.851256669712,4143.082908016123,3888.0724246096233,diffuse_r_local
Hubei,2020-01-08,Prevalence of all infected individuals,3866.4043222688865,3912.0223131933944,4063.0974288099223,4144.392452089993,4228.18898013784,4375.04558700326,4412.982975697884,4145.860018449267,diffuse_r_local
Hubei,2020-01-08,Prevalence of pre-symptomatic infections,2671.1203890698043,2704.407316689124,2814.7679305313723,2874.230091977207,2935.5759830063143,3043.2155922003526,3071.0480542559985,2875.360039390137,diffuse_r_local
Hubei,2020-01-08,"Prevalence of symptomatic, 
not yet recovered infections",1195.2839331990826,1207.6149965042707,1248.3294982785496,1270.1623601127856,1292.612997131526,1331.8299948029078,1341.9349214418858,1270.4999790591296,diffuse_r_local
Hubei,2020-01-09,"Prevalence of infections eligible
 for international travel",4620.106238984498,4677.4734754306555,4867.678757937536,4970.166409405283,5075.904836955691,5261.447300595324,5309.425329267361,4972.1181634021395,diffuse_r_local
Hubei,2020-01-09,Prevalence of all infected individuals,4936.284816318288,4996.499987557589,5196.084118188505,5303.586036240818,5414.469925092879,5608.975185285004,5659.257518930076,5305.604151214576,diffuse_r_local
Hubei,2020-01-09,Prevalence of pre-symptomatic infections,3400.004610517523,3443.783573035882,3589.055689468979,3667.4063918915076,3748.2951373047094,3890.3591472957373,3927.11990438036,3668.953768001601,diffuse_r_local
Hubei,2020-01-09,"Prevalence of symptomatic, 
not yet recovered infections",1536.2802058007649,1552.7164145217066,1607.0284287195261,1636.1796443493115,1666.1747877881699,1718.616037989267,1732.1376145497165,1636.650383212975,diffuse_r_local
Hubei,2020-01-10,"Prevalence of infections eligible
 for international travel",5879.217130471386,5954.6253892066225,6204.861720750861,6339.829251217938,6479.173248102854,6723.912925067032,6787.244673977968,6342.49938361254,diffuse_r_local
Hubei,2020-01-10,Prevalence of all infected individuals,6286.971453819881,6366.203636079314,6629.042652355549,6770.754027412458,6917.022579983225,7173.834153520021,7240.271592879608,6773.517870053562,diffuse_r_local
Hubei,2020-01-10,Prevalence of pre-symptomatic infections,4314.706793235721,4372.076570853023,4562.615049366389,4665.48406097855,4771.7600651289795,4958.590412576782,5006.971319592563,4667.593793425352,diffuse_r_local
Hubei,2020-01-10,"Prevalence of symptomatic, 
not yet recovered infections",1972.264660584159,1994.1270652262908,2066.4276029891594,2105.269966433908,2145.262514854246,2215.243740943239,2233.3002732870445,2105.92407662821,diffuse_r_local
Hubei,2020-01-11,"Prevalence of infections eligible
 for international travel",7464.962989054296,7563.787186062328,7892.011834868173,8069.220197099736,8252.301387796753,8574.16323852278,8657.513642183703,8072.858450767763,diffuse_r_local
Hubei,2020-01-11,Prevalence of all infected individuals,7990.315757480827,8094.262843004357,8439.384331427222,8625.642495732376,8818.021753791674,9156.10705052327,9243.633967539285,8629.41253006444,diffuse_r_local
Hubei,2020-01-11,Prevalence of pre-symptomatic infections,5461.716516825867,5536.64722923299,5785.731377318158,5920.346454983371,6059.518809743928,6304.417131523467,6367.883257449381,5923.210646691413,diffuse_r_local
Hubei,2020-01-11,"Prevalence of symptomatic, 
not yet recovered infections",2528.5992406549612,2557.615613771367,2653.6529541090636,2705.2960407490054,2758.5029440477474,2851.689918999803,2875.7507100899047,2706.2018833730276,diffuse_r_local
Hubei,2020-01-12,"Prevalence of infections eligible
 for international travel",9427.735623514529,9556.430807708237,9984.238233973108,10215.443271460485,10454.476747105356,10875.102729788518,10984.11035490959,10220.363834595599,diffuse_r_local
Hubei,2020-01-12,Prevalence of all infected individuals,10103.927123355088,10239.470506402393,10689.883026375253,10933.206093693621,11184.697817075772,11627.079700848684,11741.691842276416,10938.311254796456,diffuse_r_local
Hubei,2020-01-12,Prevalence of pre-symptomatic infections,6867.391963865599,6964.518996863986,7287.677756762353,7462.506385725037,7643.383147915695,7961.978555697305,8044.606664087724,7466.361571035495,diffuse_r_local
Hubei,2020-01-12,"Prevalence of symptomatic, 
not yet recovered infections",3236.5351594894887,3274.9515095384086,3402.2052696129012,3470.6997079685834,3541.3146691600764,3665.1011451513805,3697.085178188691,3471.949683760961,diffuse_r_local
Hubei,2020-01-13,"Prevalence of infections eligible
 for international travel",11828.710385603325,11995.023411028842,12548.360171307502,12847.70611224648,13157.402442589717,13702.889196770417,13844.360025589822,12854.301423690937,diffuse_r_local
Hubei,2020-01-13,Prevalence of all infected individuals,12698.110645159553,12873.558505910136,13457.072056615629,13772.609764053963,14098.962944346775,14673.562628439055,14822.538268044491,13779.462705719845,diffuse_r_local
Hubei,2020-01-13,Prevalence of pre-symptomatic infections,8564.742297813407,8689.486187879833,9104.90366990838,9329.876698795571,9562.799375295417,9973.469124106914,10080.058357397147,9335.012029838423,diffuse_r_local
Hubei,2020-01-13,"Prevalence of symptomatic, 
not yet recovered infections",4133.368347346146,4184.072318030303,4352.168386707248,4442.7330652583905,4536.163569051358,4700.093504332142,4742.479910647342,4444.450675881423,diffuse_r_local
Hubei,2020-01-14,"Prevalence of infections eligible
 for international travel",14704.426046306051,14917.091896666197,15625.25589601725,16008.740080288288,16405.756016600582,17105.698357213638,17287.359996488973,16017.47372383063,diffuse_r_local
Hubei,2020-01-14,Prevalence of all infected individuals,15820.879731693503,16045.703503862924,16794.06298546136,17199.13442902524,17618.371813638798,18357.18659269843,18548.87569421883,17208.226327975422,diffuse_r_local
Hubei,2020-01-14,Prevalence of pre-symptomatic infections,10558.827623839219,10717.00294373387,11244.221550610746,11530.034449675379,11826.157221778609,12348.762471734764,12484.507586959104,11536.77852399319,diffuse_r_local
Hubei,2020-01-14,"Prevalence of symptomatic, 
not yet recovered infections",5262.052107854286,5328.700560129053,5549.841434850616,5669.099979349861,5792.214591860189,6008.424120963659,6064.368107259725,5671.4478039822325,diffuse_r_local
Hubei,2020-01-15,"Prevalence of infections eligible
 for international travel",18083.76972795413,18352.379287368658,19247.58163459952,19732.8187220908,20235.5142362882,21122.57980050802,21352.97173237784,19744.221259237012,diffuse_r_local
Hubei,2020-01-15,Prevalence of all infected individuals,19515.39056395871,19800.142418166062,20748.755906620503,21262.704416023756,21794.97380408414,22733.818813116686,22977.57684293589,21274.603278413088,diffuse_r_local
Hubei,2020-01-15,Prevalence of pre-symptomatic infections,12845.280769343126,13042.894233838326,13702.138507333162,14059.882901937994,14430.789569033535,15085.996408374553,15256.310845704238,14068.593709906625,diffuse_r_local
Hubei,2020-01-15,"Prevalence of symptomatic, 
not yet recovered infections",6670.109794615581,6757.2481843277365,7046.617399287341,7202.821514085765,7364.184235050602,7647.822404742134,7721.265997231653,7206.0095685064625,diffuse_r_local
Hubei,2020-01-16,"Prevalence of infections eligible
 for international travel",21951.21634673807,22285.46344441687,23400.311715336342,24005.165007761047,24632.18220668884,25739.596325768067,26027.415180811084,24019.798506960873,diffuse_r_local
Hubei,2020-01-16,Prevalence of all infected individuals,23783.58916276424,24139.208559800354,25324.83008043082,25967.763421334144,26634.029903506394,27810.224232004926,28115.80995643806,25983.081722326922,diffuse_r_local
Hubei,2020-01-16,Prevalence of pre-symptomatic infections,15376.021879187663,15618.487296336873,16428.03381644947,16867.763324069354,17323.975449928763,18130.607776445766,18340.43319293406,16878.788178987408,diffuse_r_local
Hubei,2020-01-16,"Prevalence of symptomatic, 
not yet recovered infections",8407.567283576576,8520.72126346348,8896.79626398135,9100.000097264787,9310.054453577628,9679.616455559164,9775.376763503999,9104.293543339512,diffuse_r_local
Hubei,2020-01-17,"Prevalence of infections eligible
 for international travel",26259.020683392268,26668.01934870224,28033.218520513852,28774.538979183966,29543.485123015842,30902.681245216852,31256.165348843107,28792.95626927259,diffuse_r_local
Hubei,2020-01-17,Prevalence of all infected individuals,28598.6917034538,29035.890901222523,30494.5505841887,31286.205319493998,32107.064935981925,33557.3144710501,33934.33525224407,31305.563024337265,diffuse_r_local
Hubei,2020-01-17,Prevalence of pre-symptomatic infections,18075.192502610924,18366.682346488073,19340.66924524102,19870.19367857155,20419.90810469251,21392.68767454538,21645.9004220589,19883.82696930908,diffuse_r_local
Hubei,2020-01-17,"Prevalence of symptomatic, 
not yet recovered infections",10523.499200842876,10669.208554734447,11153.881338947678,11416.011640922448,11687.156831289414,12164.626796504717,12288.434830185171,11421.736055028183,diffuse_r_local
Hubei,2020-01-18,"Prevalence of infections eligible
 for international travel",30909.05099918828,31400.28157334,33041.0815070605,33932.75687744201,34858.1650495656,36495.14184883256,36921.11602312289,33955.43660851991,diffuse_r_local
Hubei,2020-01-18,Prevalence of all infected individuals,33887.087132656176,34415.37133881398,36179.07208467965,37136.999283362034,38130.782282774984,39887.791061550684,40344.81422786522,37160.96325808494,diffuse_r_local
Hubei,2020-01-18,Prevalence of pre-symptomatic infections,20826.024629298267,21168.550057297238,22313.867518505624,22937.040051867945,23584.334623326926,24730.666745785064,25029.23318531212,22953.46227672046,diffuse_r_local
Hubei,2020-01-18,"Prevalence of symptomatic, 
not yet recovered infections",13061.062503357913,13246.821281516743,13865.20456617402,14199.959231494087,14546.447659448058,15157.124315765624,15315.581042553104,14207.50098136448,diffuse_r_local
Hubei,2020-01-19,"Prevalence of infections eligible
 for international travel",35747.98203775665,36326.09767573352,38258.26284593162,39308.999886964746,40400.00735329206,42331.17340331629,42833.957727947425,39336.26924246727,diffuse_r_local
Hubei,2020-01-19,Prevalence of all infected individuals,39523.25468612702,40149.80276990255,42242.740404923024,43380.22555787071,44560.818798882436,46649.391248987806,47192.9204430644,43409.23698271386,diffuse_r_local
Hubei,2020-01-19,Prevalence of pre-symptomatic infections,23472.07255518565,23864.55444924048,25177.697891792748,25892.677242899597,26635.68712536153,27952.38572011052,28295.499963792285,25911.889770883325,diffuse_r_local
Hubei,2020-01-19,"Prevalence of symptomatic, 
not yet recovered infections",16051.18213094137,16285.248320662071,17065.042513130276,17487.548314971118,17925.1316735209,18697.005528877286,18897.420479272125,17497.347211830536,diffuse_r_local
Hubei,2020-01-20,"Prevalence of infections eligible
 for international travel",40608.08541334405,41274.38689097194,43502.398428569046,44714.71823571744,45974.003712811056,48204.24876371679,48785.1466582222,44746.706418966365,diffuse_r_local
Hubei,2020-01-20,Prevalence of all infected individuals,45369.793383546516,46098.99811374161,48535.98513411154,49861.165933194345,51237.07866469565,53672.42165029992,54306.44566421585,49895.49839205794,diffuse_r_local
Hubei,2020-01-20,Prevalence of pre-symptomatic infections,25864.27241213015,26302.428361572624,27769.083537095124,28568.084810642475,29398.726647569107,30871.48412508784,31255.421407276048,28589.885498419586,diffuse_r_local
Hubei,2020-01-20,"Prevalence of symptomatic, 
not yet recovered infections",19505.520971416365,19796.569752168987,20766.90159701643,21293.081122551874,21838.35201712654,22800.937525212074,23051.024256939807,21305.612893638354,diffuse_r_local
Hubei,2020-01-21,"Prevalence of infections eligible
 for international travel",45250.47546095236,46001.52406700774,48513.909535896906,49881.586190813585,51302.69462892602,53820.61603256198,54476.663595814694,49918.141536155934,diffuse_r_local
Hubei,2020-01-21,Prevalence of all infected individuals,51219.289525895154,52051.41463100051,54833.3609799001,56346.75020818712,57918.52785585994,60701.63836330457,61426.423222121004,56386.430590279626,diffuse_r_local
Hubei,2020-01-21,Prevalence of pre-symptomatic infections,27809.133625633116,28284.63466045593,29876.838154804293,30744.575267647324,31646.920109414837,33247.403331479145,33664.75898583927,30768.507790017564,diffuse_r_local
Hubei,2020-01-21,"Prevalence of symptomatic, 
not yet recovered infections",23410.155900262034,23766.77997054458,24956.522825095806,25602.1749405398,26271.607746445097,27454.235031825418,27761.66423628174,25617.922800262066,diffuse_r_local
Hubei,2020-01-22,"Prevalence of infections eligible
 for international travel",49408.905490094934,50235.96898911767,53003.43509095134,54510.470370721334,56076.741242079544,58852.72961743002,59576.19367554468,54551.12628445078,diffuse_r_local
Hubei,2020-01-22,Prevalence of all infected individuals,56836.037311511616,57766.671071283046,60878.74560070028,62572.2235329673,64331.395843782215,67447.18540626178,68258.78324675963,62616.99998744288,diffuse_r_local
Hubei,2020-01-22,Prevalence of pre-symptomatic infections,29115.033708061652,29615.578315255654,31291.969542765448,32205.795135081036,33156.215765770154,34842.33174904895,35282.091382453116,32231.15476305239,diffuse_r_local
Hubei,2020-01-22,"Prevalence of symptomatic, 
not yet recovered infections",27721.003603449964,28151.092756027392,29586.776057934825,30366.42839788626,31175.18007801206,32604.853657212818,32976.6918643065,30385.845224390498,diffuse_r_local
Hubei,2020-01-23,"Prevalence of infections eligible
 for international travel",52942.90115206774,53834.17827748552,56817.07068696124,58441.766676578845,60130.57415853586,63124.34673966086,63904.69188836246,58485.85933893372,diffuse_r_local
Hubei,2020-01-23,Prevalence of all infected individuals,62106.422487844495,63128.65727164932,66547.5997739531,68408.40795605806,70341.64845072277,73766.33633825943,74658.51652421131,68457.86672294149,diffuse_r_local
Hubei,2020-01-23,Prevalence of pre-symptomatic infections,29743.83279167893,30255.994236828035,31971.380991724716,32906.51933792887,33879.14622369042,35604.75420309124,36054.83344466429,32932.51225136756,diffuse_r_local
Hubei,2020-01-23,"Prevalence of symptomatic, 
not yet recovered infections",32362.589696165564,32872.663034821286,34576.21878222839,35501.88861812919,36462.50222703235,38161.58213516818,38603.68307954702,35525.354471573926,diffuse_r_local
Hubei,2020-01-24,"Prevalence of infections eligible
 for international travel",55714.36612742786,56655.2462442175,59804.450399738125,61519.92016598163,63303.2185145094,66464.8213783037,67288.97848916189,61566.617600435195,diffuse_r_local
Hubei,2020-01-24,Prevalence of all infected individuals,66912.26349261025,68016.84419316007,71711.49528610447,73722.54604683901,75812.00892311113,79513.7563594145,80478.1783831005,73776.13572539807,diffuse_r_local
Hubei,2020-01-24,Prevalence of pre-symptomatic infections,29680.933176560513,30190.918154756797,31898.867581732895,32829.85857593719,33798.10459988157,35515.7768132766,35963.752795052715,32855.66590238768,diffuse_r_local
Hubei,2020-01-24,"Prevalence of symptomatic, 
not yet recovered infections",37231.33031604972,37825.92603840326,39812.62770437157,40892.68747090182,42013.90432322956,43997.97954613791,44514.42558804778,40920.4698230104,diffuse_r_local
Hubei,2020-01-25,"Prevalence of infections eligible
 for international travel",57732.99788651694,58708.873382365884,61975.27075916657,63754.61651810454,65604.34255333658,68883.7762251821,69738.66135374024,63803.08001573485,diffuse_r_local
Hubei,2020-01-25,Prevalence of all infected individuals,71272.76604371637,72450.71759023468,76390.85566579881,78535.57260317368,80763.94396990287,84711.85649789695,85740.42632397212,78592.75615554207,diffuse_r_local
Hubei,2020-01-25,Prevalence of pre-symptomatic infections,29071.259966523372,29568.011825549605,31231.293608093194,32137.71703383341,33080.25384319834,34751.933548432535,35187.83601799525,32162.677585993104,diffuse_r_local
Hubei,2020-01-25,"Prevalence of symptomatic, 
not yet recovered infections",42201.50607719301,42882.705764685066,45159.56205770562,46397.855569340274,47683.690126704525,49959.92294946442,50552.59030597686,46430.07856954896,diffuse_r_local
Hubei,2020-01-26,"Prevalence of infections eligible
 for international travel",58776.08982376069,59768.58743310589,63090.463250116816,64899.930653721814,66780.89728628969,70115.5417749311,70984.78308193946,64949.138789532844,diffuse_r_local
Hubei,2020-01-26,Prevalence of all infected individuals,74961.10662465208,76199.70913367487,80342.59787247005,82597.59984453762,84940.50112180275,89091.18172136246,90172.55081516372,82657.66451843013,diffuse_r_local
Hubei,2020-01-26,Prevalence of pre-symptomatic infections,27828.280712902066,28299.743992258966,29877.851968246778,30737.545562353574,31631.264649396206,33215.813987729496,33628.88487648546,30760.98290318429,diffuse_r_local
Hubei,2020-01-26,"Prevalence of symptomatic, 
not yet recovered infections",47132.82591175002,47899.9651414159,50464.74590422328,51860.054282184035,53309.23647240654,55875.367733632964,56543.66593867824,51896.681615245834,diffuse_r_local
Hubei,2020-01-27,"Prevalence of infections eligible
 for international travel",58764.89537925381,59754.559620697335,63066.61468350391,64870.52073125828,66745.55330951253,70069.30714728772,70935.63392381322,64919.417716653275,diffuse_r_local
Hubei,2020-01-27,Prevalence of all infected individuals,77878.26403268261,79163.4218860684,83461.76505743955,85801.21524844907,88231.73559218981,92537.34773516179,93659.02052452748,85863.40288295962,diffuse_r_local
Hubei,2020-01-27,Prevalence of pre-symptomatic infections,25998.970781057094,26434.530423799995,27891.867638262884,28685.398735580646,29510.069209381574,30971.54940072533,31352.405841225074,28706.75264829859,diffuse_r_local
Hubei,2020-01-27,"Prevalence of symptomatic, 
not yet recovered infections",51879.2932516255,52728.89146226841,55569.89741917667,57115.81651286843,58721.66638280824,61565.79833443646,62306.61468330241,57156.65023466103,diffuse_r_local
Hubei,2020-01-28,"Prevalence of infections eligible
 for international travel",57717.14259990185,58685.2359146778,61924.63005627018,63688.66650679139,65522.04497929996,68771.44737919219,69618.28992009071,63736.260619829045,diffuse_r_local
Hubei,2020-01-28,Prevalence of all infected individuals,80004.05448981308,81321.74664443215,85728.55433404638,88126.81844650155,90618.28332834947,95031.47204276301,96181.09128645781,88190.40335721233,diffuse_r_local
Hubei,2020-01-28,Prevalence of pre-symptomatic infections,23702.76026081536,24094.496667161093,25404.57520596069,26117.52781468455,26858.1733017766,28170.056957945075,28511.7889547212,26136.415928882114,diffuse_r_local
Hubei,2020-01-28,"Prevalence of symptomatic, 
not yet recovered infections",56301.29422899772,57227.24997727105,60323.9791280857,62009.290631817,63760.11002657286,66861.41508481794,67669.3023317366,62053.98742833022,diffuse_r_local
Hubei,2020-01-29,"Prevalence of infections eligible
 for international travel",55758.85797569313,56689.26436631831,59801.99335950572,61496.703655720674,63257.77922596526,66378.42733024344,67191.59081590653,61542.16424500141,diffuse_r_local
Hubei,2020-01-29,Prevalence of all infected individuals,81408.81995902263,82746.6485088891,87220.41882850521,89654.88672189409,92183.79034262826,96662.87900141302,97829.58002096061,89719.2516831108,diffuse_r_local
Hubei,2020-01-29,Prevalence of pre-symptomatic infections,21129.59797837938,21473.374953015693,22622.43887898239,23247.37546636943,23896.304893229688,25045.0553985723,25344.154566913243,23263.6376999337,diffuse_r_local
Hubei,2020-01-29,"Prevalence of symptomatic, 
not yet recovered infections",60279.22198064324,61273.27355587342,64597.97994952282,66407.51125552465,68287.48544939856,71617.82360284071,72485.42545404738,66455.6139831771,diffuse_r_local
Hubei,2020-01-30,"Prevalence of infections eligible
 for international travel",53052.30854141653,53932.132873541,56875.029170376045,58476.89498777499,60141.2171739545,63089.758151406844,63857.94068175053,58519.57948878533,diffuse_r_local
Hubei,2020-01-30,Prevalence of all infected individuals,82182.8289623672,83530.29350678036,88035.9197485423,90487.4925128659,93033.9989706208,97543.8651812494,98718.50158583643,90552.136617824,diffuse_r_local
Hubei,2020-01-30,Prevalence of pre-symptomatic infections,18459.694081891517,18754.807106468423,19740.627592679866,20276.4153537838,20832.509954503177,21816.28668826392,22072.30243987152,20290.082376660368,diffuse_r_local
Hubei,2020-01-30,"Prevalence of symptomatic, 
not yet recovered infections",63723.13488047568,64775.48640031193,68295.29215586244,70211.0771590821,72201.48901611762,75727.5784929855,76646.1991459649,70262.05424116364,diffuse_r_local
Hubei,2020-01-31,"Prevalence of infections eligible
 for international travel",49774.560816668236,50594.313083461624,53335.65175275432,54827.41624474271,56377.06394410459,59121.76983575853,59836.70979616696,54866.87379150134,diffuse_r_local
Hubei,2020-01-31,Prevalence of all infected individuals,82417.9974344618,83766.42070825402,88274.92730968267,90727.86391542328,93275.64089073476,97787.4048521276,98962.46386234292,90792.39118638707,diffuse_r_local
Hubei,2020-01-31,Prevalence of pre-symptomatic infections,15842.279354497034,16090.729194377072,16920.145857370175,17370.600204005634,17837.890943501698,18663.99705108719,18878.86512513735,17381.843516244695,diffuse_r_local
Hubei,2020-01-31,"Prevalence of symptomatic, 
not yet recovered infections",66575.71807996476,67675.69151387694,71354.78145231248,73357.26371141765,75437.74994723307,79123.4078010404,80083.59873720557,73410.54767014238,diffuse_r_local
Hubei,2020-02-01,"Prevalence of infections eligible
 for international travel",46100.31545234302,46853.77808392114,49372.81973982555,50743.23041814983,52166.53873614725,54686.807872325604,55343.1510450609,50779.18869136075,diffuse_r_local
Hubei,2020-02-01,Prevalence of all infected individuals,82195.38341085371,83537.6162201004,88025.15618166066,90466.51793520845,93002.15238648225,97492.12451022808,98661.44926334132,90530.6150974985,diffuse_r_local
Hubei,2020-02-01,Prevalence of pre-symptomatic infections,13385.814567753636,13591.443461822135,14277.451499919163,14649.735793288723,15035.730075030247,15717.62232517505,15894.880523785794,14658.813968226663,diffuse_r_local
Hubei,2020-02-01,"Prevalence of symptomatic, 
not yet recovered infections",68809.56884310009,69946.17275827826,73747.7046817415,75816.78214191974,77966.42231145201,81774.50218505303,82766.56873955551,75871.80112927184,diffuse_r_local
Hubei,2020-02-02,"Prevalence of infections eligible
 for international travel",42190.86065669837,42874.76223801347,45160.64829494832,46403.84730973897,47694.76801597324,49979.97734387145,50574.97491657972,46436.189962979784,diffuse_r_local
Hubei,2020-02-02,Prevalence of all infected individuals,81579.75904205228,82909.80525393372,87356.39261206717,89775.34496829248,92287.61177606572,96735.98262732508,97894.42793644308,89838.756628966,diffuse_r_local
Hubei,2020-02-02,Prevalence of pre-symptomatic infections,11158.312419750857,11325.995786593483,11885.026838997446,12188.162637253674,12502.289519876698,13056.80709818076,13200.86990599412,12195.374362136014,diffuse_r_local
Hubei,2020-02-02,"Prevalence of symptomatic, 
not yet recovered infections",70421.44662230143,71583.80946734025,75471.36577306973,77587.18233103881,79785.32225618903,83679.17552914433,84693.55803044894,77643.38226682998,diffuse_r_local
Hubei,2020-02-03,"Prevalence of infections eligible
 for international travel",38187.84375847753,38801.433534136086,40851.751036471534,41966.4865139363,43123.7632511189,45171.79413370512,45704.91598114658,41995.22653439995,diffuse_r_local
Hubei,2020-02-03,Prevalence of all infected individuals,80619.24040489309,81931.89844061896,86320.19963111475,88707.34839121049,91186.51642189005,95576.1170812485,96719.2243886566,88769.85490453479,diffuse_r_local
Hubei,2020-02-03,Prevalence of pre-symptomatic infections,9193.464473421438,9328.459838604032,9778.196590967276,10021.869369698583,10274.235355887993,10719.387561155576,10834.968153093625,10027.518101459684,diffuse_r_local
Hubei,2020-02-03,"Prevalence of symptomatic, 
not yet recovered infections",71425.77593147165,72603.43860201492,76542.00304014748,78685.47902151191,80912.28106600206,84856.72952009294,85884.25623556298,78742.3368030751,diffuse_r_local
Hubei,2020-02-04,"Prevalence of infections eligible
 for international travel",34210.266549911896,34754.85138093861,36574.07437553343,37562.84590511206,38589.12196051035,40404.76889192345,40877.28684457113,37588.098244736415,diffuse_r_local
Hubei,2020-02-04,Prevalence of all infected individuals,79347.6883529607,80638.25903615137,84952.60997320499,87299.46271131554,89736.73270535543,94052.03283017321,95175.76793873086,87360.86317213542,diffuse_r_local
Hubei,2020-02-04,Prevalence of pre-symptomatic infections,7498.882447560719,7606.363393947123,7964.179240311812,8157.888214068196,8358.393347902715,8711.792366073962,8803.494053251488,8162.258922352947,diffuse_r_local
Hubei,2020-02-04,"Prevalence of symptomatic, 
not yet recovered infections",71848.80590539998,73031.89564220427,76988.43073289316,79141.57449724735,81378.33935745271,85340.24046409925,86372.27388547937,79198.60424978248,diffuse_r_local
Hubei,2020-02-05,"Prevalence of infections eligible
 for international travel",30353.646241933104,30832.129671626604,32430.06993913108,33298.280603112056,34199.21452460688,35792.61028271191,36207.18619687259,33320.23607874598,diffuse_r_local
Hubei,2020-02-05,Prevalence of all infected individuals,77788.30133833134,79052.38017608513,83278.08894528972,85576.67390400838,87963.7814175167,92190.18320920122,93290.75181871768,85636.77484781353,diffuse_r_local
Hubei,2020-02-05,Prevalence of pre-symptomatic infections,6064.226900559499,6148.9872239214055,6430.959268943058,6583.481803605087,6741.264426400172,7019.1446980358705,7091.206079526627,6586.827980538043,diffuse_r_local
Hubei,2020-02-05,"Prevalence of symptomatic, 
not yet recovered infections",71724.07443777184,72903.39295216373,76847.12967634667,78993.19210040328,81222.51699111651,85171.03851116534,86199.54573919105,79049.94686727549,diffuse_r_local
Hubei,2020-02-06,"Prevalence of infections eligible
 for international travel",26690.686296472497,27107.1356447901,28497.489362169832,29252.651348137002,30036.08921653481,31421.23276840032,31781.533851753207,29271.55299856843,diffuse_r_local
Hubei,2020-02-06,Prevalence of all infected individuals,75957.44936964386,77190.8027278119,81313.73528106933,83556.37580110719,85885.35681733977,90008.77976018966,91082.51928374007,83614.98516886288,diffuse_r_local
Hubei,2020-02-06,Prevalence of pre-symptomatic infections,4868.14029881783,4934.43496184992,5154.816666006142,5273.924164694883,5397.06786128159,5613.772127143528,5669.9342643526215,5276.462489213261,diffuse_r_local
Hubei,2020-02-06,"Prevalence of symptomatic, 
not yet recovered infections",71089.30907082603,72256.36776596197,76158.91861506319,78282.4516364123,80488.28895605818,84395.00763304615,85412.58501938745,78338.52267964963,diffuse_r_local
Hubei,2020-02-07,"Prevalence of infections eligible
 for international travel",23272.998592747812,23632.256693719173,24831.302339692123,25482.326076350684,26157.561419883423,27351.003175806924,27661.35873027206,25498.44864648956,diffuse_r_local
Hubei,2020-02-07,Prevalence of all infected individuals,73868.20634096467,75066.72108194254,79073.13423737738,81252.35878493625,83515.45691563764,87522.17505229672,88565.51256919643,81309.28423852158,diffuse_r_local
Hubei,2020-02-07,Prevalence of pre-symptomatic infections,3883.6146772404463,3935.100217644578,4106.127313899839,4198.482876074448,4293.912535158528,4461.713505677965,4505.174651600257,4200.3929871617065,diffuse_r_local
Hubei,2020-02-07,"Prevalence of symptomatic, 
not yet recovered infections",69984.59166372423,71131.62086429798,74967.00692347753,77053.87590886181,79221.54438047911,83060.46154661874,84060.33791759616,77108.89125135988,diffuse_r_local
Hubei,2020-02-08,"Prevalence of infections eligible
 for international travel",20133.51208974921,20440.863294791125,21466.34267175311,22022.926639632522,22600.06566737594,23619.78105068608,23884.888628936536,22036.559498858,diffuse_r_local
Hubei,2020-02-08,Prevalence of all infected individuals,71533.29205801182,72692.98368216075,76569.55471525005,78678.11447760212,80867.80032542035,84744.47919147208,85753.94160966207,78733.16499859982,diffuse_r_local
Hubei,2020-02-08,Prevalence of pre-symptomatic infections,3081.8227611498332,3121.563516954363,3253.479768663432,3324.655307349789,3398.157140718239,3527.298372408007,3560.725725477932,3326.0825964435526,diffuse_r_local
Hubei,2020-02-08,"Prevalence of symptomatic, 
not yet recovered infections",68451.469296862,69571.42016520636,73316.07494658661,75353.45917025232,77469.6431847021,81217.18081906407,82193.21588418414,75407.08240215626,diffuse_r_local
Hubei,2020-02-09,"Prevalence of infections eligible
 for international travel",17289.262393135567,17550.156924553325,18420.35263474512,18892.48090851638,19381.920247868744,20246.383954353678,20471.06808113206,18903.914437814907,diffuse_r_local
Hubei,2020-02-09,Prevalence of all infected individuals,68967.29584247762,70084.35884341312,73818.35666274477,75849.32044645867,77958.39144972329,81692.26798310684,82664.52952876818,75902.31016809664,diffuse_r_local
Hubei,2020-02-09,Prevalence of pre-symptomatic infections,2434.6347009306783,2465.1480346618687,2566.3606615242643,2620.924105703752,2677.2381221906408,2776.102364330494,2801.6768478106173,2621.983997167657,diffuse_r_local
Hubei,2020-02-09,"Prevalence of symptomatic, 
not yet recovered infections",66532.66114154692,67619.21080875125,71251.99600122051,73228.39634075492,75281.15332753267,78916.16561877634,79862.85268095759,73280.32617092898,diffuse_r_local
Hubei,2020-02-10,"Prevalence of infections eligible
 for international travel",14744.309731872067,14964.146108750636,15697.154243208352,16094.700894260368,16506.71678627948,17234.17553933949,17423.198356619443,16104.216171648583,diffuse_r_local
Hubei,2020-02-10,Prevalence of all infected individuals,66188.15621718351,67259.0408799259,70838.58566325292,72785.48294660365,74807.21325540215,78386.3643339005,79318.31712840064,72836.2362684542,diffuse_r_local
Hubei,2020-02-10,Prevalence of pre-symptomatic infections,1916.1086803810808,1939.4296652250355,2016.7289361440114,2058.365772601061,2101.3135036146027,2176.652457592031,2196.1292854919475,2059.148473047522,diffuse_r_local
Hubei,2020-02-10,"Prevalence of symptomatic, 
not yet recovered infections",64272.04753680243,65319.611214700875,68821.85672710891,70727.11717400257,72705.89975178754,76209.71187630849,77122.1878429087,70777.08779540668,diffuse_r_local
Hubei,2020-02-11,"Prevalence of infections eligible
 for international travel",12492.587053182793,12676.54904807118,13289.734954386346,13622.168528931954,13966.610302835388,14574.541074164277,14732.461451836263,13630.029997047459,diffuse_r_local
Hubei,2020-02-11,Prevalence of all infected individuals,63217.936834468266,64239.438267409736,67653.80177831417,69510.78775382857,71439.1008412813,74852.7518216759,75741.58682296005,69559.1449250519,diffuse_r_local
Hubei,2020-02-11,Prevalence of pre-symptomatic infections,1503.2374260431097,1520.9898668453618,1579.7889886471478,1611.434289726983,1644.057003705167,1701.2386806346992,1716.012307363912,1612.0093924679188,diffuse_r_local
Hubei,2020-02-11,"Prevalence of symptomatic, 
not yet recovered infections",61714.699408425164,62718.448400564375,66074.01278966703,67899.35346410159,69795.04383757613,73151.51314104121,74025.57451559612,67947.13553258398,diffuse_r_local
Hubei,2020-02-12,"Prevalence of infections eligible
 for international travel",10520.534223451326,10673.47658690673,11183.094185837726,11459.27146956884,11745.347972932557,12250.081333564041,12381.157091948011,11465.722178925895,diffuse_r_local
Hubei,2020-02-12,Prevalence of all infected individuals,60082.98044785194,61052.3277761407,64292.23382170296,66054.2542639361,67883.89517344082,71122.7273418448,71966.01491117138,66100.07677112422,diffuse_r_local
Hubei,2020-02-12,Prevalence of pre-symptomatic infections,1176.1913656069019,1189.6570680586249,1234.2254531396306,1258.1918234552686,1282.8841564935194,1326.1312834349048,1337.2978520427075,1258.6124449027295,diffuse_r_local
Hubei,2020-02-12,"Prevalence of symptomatic, 
not yet recovered infections",58906.789082245035,59862.67070808207,63058.00836856333,64796.06244048083,66601.0110169473,69796.5960584099,70628.71705912868,64841.464326221496,diffuse_r_local
Hubei,2020-02-13,"Prevalence of infections eligible
 for international travel",8809.42531964455,8935.801233607483,9356.752127124542,9584.788132073405,9820.933447765154,10237.417604048536,10345.544432896004,9590.047112275519,diffuse_r_local
Hubei,2020-02-13,Prevalence of all infected individuals,56813.54815020713,57728.48423190771,60786.376934447224,62449.31524328279,64176.004095896635,67232.42838408974,68028.18995493646,62492.49049289378,diffuse_r_local
Hubei,2020-02-13,Prevalence of pre-symptomatic infections,918.2464164283239,928.4282662147681,962.1034964981795,980.1970495061439,998.827930400631,1031.433199430866,1039.8468250063586,980.50336562552,diffuse_r_local
Hubei,2020-02-13,"Prevalence of symptomatic, 
not yet recovered infections",55895.301733778804,56800.05596569295,59824.27343794904,61469.11819377665,63177.176165496,66200.99518465887,66988.34312993012,61511.987127268265,diffuse_r_local
Hubei,2020-02-14,"Prevalence of infections eligible
 for international travel",7337.340539510323,7441.163283424669,7786.870345472546,7974.070638183435,8167.874590760415,8509.554240980357,8598.234539890162,7978.331948622562,diffuse_r_local
Hubei,2020-02-14,Prevalence of all infected individuals,53443.064675131965,54301.90924790533,57172.165377637,58732.95884939234,60353.51214596763,63221.88522831632,63968.64984868652,58773.403786335046,diffuse_r_local
Hubei,2020-02-14,Prevalence of pre-symptomatic infections,715.5333623499135,723.2102337278802,748.5822533902772,762.203196305961,776.2205826376354,800.7327453246112,807.0541065951674,762.4253627617596,diffuse_r_local
Hubei,2020-02-14,"Prevalence of symptomatic, 
not yet recovered infections",52727.531312782055,53578.699014177444,56423.58312424672,57970.75565308637,59577.291563329985,62421.1524829917,63161.59574209135,58010.97842357329,diffuse_r_local
Hubei,2020-02-15,"Prevalence of infections eligible
 for international travel",6080.77030717969,6165.601765122662,6447.972433465836,6600.814238193943,6759.003539329789,7037.788349373508,7110.123397026566,6604.247279015312,diffuse_r_local
Hubei,2020-02-15,Prevalence of all infected individuals,50007.09459994997,50808.78627947083,53487.85634661493,54944.57335328999,56456.984434264676,59133.75192114953,59830.59369103133,54982.236801223124,diffuse_r_local
Hubei,2020-02-15,Prevalence of pre-symptomatic infections,556.7026414153626,562.4756937994388,581.5418885225612,591.7690691605167,602.2878835086777,620.6677553575478,625.4047807409656,591.9295713999227,diffuse_r_local
Hubei,2020-02-15,"Prevalence of symptomatic, 
not yet recovered infections",49450.3919585346,50246.31058567138,52906.31445809237,54352.804284129474,55854.696550756,58513.08416579199,59205.18891029036,54390.3072298232,diffuse_r_local
Hubei,2020-02-16,"Prevalence of infections eligible
 for international travel",5015.86597262933,5084.825190765847,5314.281662682933,5438.4312790451595,5566.888328755924,5793.1879374390455,5851.887356380651,5441.18199184317,diffuse_r_local
Hubei,2020-02-16,Prevalence of all infected individuals,46542.1702093046,47286.2851135024,49772.75582255956,51124.62990317724,52528.104436287686,55011.863901714816,55658.41842473132,51159.49354317157,diffuse_r_local
Hubei,2020-02-16,Prevalence of pre-symptomatic infections,432.5649077827743,436.8957109891371,451.1884536939449,458.8487955476422,466.7230719362957,480.47135131981366,484.01251901178074,458.964303348233,diffuse_r_local
Hubei,2020-02-16,"Prevalence of symptomatic, 
not yet recovered infections",46109.60530152182,46849.38940251327,49321.56736886561,50665.781107629606,52061.38136435139,54531.39255039501,55174.405905719534,50700.529239823336,diffuse_r_local
Hubei,2020-02-17,"Prevalence of infections eligible
 for international travel",4119.369481511053,4175.155332311047,4360.711735589861,4461.067393532268,4564.875414923975,4747.680860173081,4795.084128134662,4463.260039929763,diffuse_r_local
Hubei,2020-02-17,Prevalence of all infected individuals,43084.58084541443,43771.32769999028,46065.90535512562,47313.326040961154,48608.27238465876,50899.75603827274,51496.2158544146,47345.40405820658,diffuse_r_local
Hubei,2020-02-17,Prevalence of pre-symptomatic infections,335.7434088197679,338.98477893996625,349.67447104167735,355.3989946102083,361.2800347048586,371.5402092690915,374.1813313229927,355.48180325205783,diffuse_r_local
Hubei,2020-02-17,"Prevalence of symptomatic, 
not yet recovered infections",42748.83743659466,43432.342921050324,45716.23088408395,46957.927046350946,48246.99234995391,50528.215829003646,51122.03452309161,46989.92225495452,diffuse_r_local
Hubei,2020-02-18,"Prevalence of infections eligible
 for international travel",3369.264670817509,3414.187650926971,3563.557535877573,3644.3086106691126,3727.8136785718493,3874.8085013489795,3912.9141431272546,3646.04787809003,diffuse_r_local
Hubei,2020-02-18,Prevalence of all infected individuals,39669.217278053846,40299.410581855045,42404.83081073747,43549.29416066553,44737.27173495982,46839.25438214961,47386.344871423724,43578.631679777274,diffuse_r_local
Hubei,2020-02-18,Prevalence of pre-symptomatic infections,260.35749266409493,262.7780842459516,270.7552459876672,275.02364539331336,279.4062551290246,287.0463237831625,289.0117975494834,275.08278192227783,diffuse_r_local
Hubei,2020-02-18,"Prevalence of symptomatic, 
not yet recovered infections",39408.85978538975,40036.6324976091,42134.0755647498,43274.27051527222,44457.8654798308,46552.20805836645,47097.33307387423,43303.54889785499,diffuse_r_local
Hubei,2020-02-19,"Prevalence of infections eligible
 for international travel",2745.196964933346,2781.216138553901,2900.9369523872274,2965.6322802091536,3032.5147021755897,3150.2023702703314,3180.70135070095,2967.005522397683,diffuse_r_local
Hubei,2020-02-19,Prevalence of all infected individuals,36328.544746017775,36903.55888493401,38824.432436116695,39868.4566501119,40952.0879340775,42869.230280583484,43368.16867821205,39895.12714588887,diffuse_r_local
Hubei,2020-02-19,Prevalence of pre-symptomatic infections,201.74566083886936,203.5493621049629,209.48931085832368,212.6650354308384,215.9238844397489,221.60055311500983,223.06004116656229,212.7070994017202,diffuse_r_local
Hubei,2020-02-19,"Prevalence of symptomatic, 
not yet recovered infections",36126.7990851789,36700.009522829045,38614.94312525837,39655.79161468106,40736.16404963775,42647.62972746848,43145.108637045494,39682.420046487154,diffuse_r_local
Hubei,2020-02-20,"Prevalence of infections eligible
 for international travel",2228.7078351337964,2257.469859230851,2353.0341707635507,2404.6539053810034,2458.0031860981017,2551.8406354832896,2576.1512992503503,2405.7333771821823,diffuse_r_local
Hubei,2020-02-20,Prevalence of all infected individuals,33091.75676452467,33613.4648405883,35356.07214403512,36303.08521863978,37285.938650676915,39024.57894052797,39477.01986771048,36327.1871304521,diffuse_r_local
Hubei,2020-02-20,Prevalence of pre-symptomatic infections,156.2298863058249,157.570979068108,161.98433634940903,164.34195608802557,166.75991878823044,170.96858839748344,172.0499965748683,164.37175326469625,diffuse_r_local
Hubei,2020-02-20,"Prevalence of symptomatic, 
not yet recovered infections",32935.526878218836,33455.893861520184,35194.08780768571,36138.74326255176,37119.178731888685,38853.61035213049,39304.96987113561,36162.8153771874,diffuse_r_local
Hubei,2020-02-21,"Prevalence of infections eligible
 for international travel",1803.3269518119735,1826.2049381612453,1902.1909279195197,1943.217879601248,1985.6070627720394,2060.136932370577,2079.4395620158834,1944.06286949898,diffuse_r_local
Hubei,2020-02-21,Prevalence of all infected individuals,29984.140402141224,30454.842006020284,32026.89072123827,32881.097940690976,33767.54985581732,35335.45834195444,35743.42964771665,32902.75073655699,diffuse_r_local
Hubei,2020-02-21,Prevalence of pre-symptomatic infections,120.91911249975024,121.91403545535081,125.18588236393487,126.9322809637371,128.72236945005827,131.83578345961598,132.63528706196055,126.95329766336741,diffuse_r_local
Hubei,2020-02-21,"Prevalence of symptomatic, 
not yet recovered infections",29863.221289641475,30332.927970564935,31901.704838874335,32754.165659727238,33638.82748636726,35203.62255849482,35610.79436065469,32775.79743889362,diffuse_r_local
Hubei,2020-02-22,"Prevalence of infections eligible
 for international travel",1454.559770618369,1472.690431058295,1532.886478548276,1565.3741399787864,1598.9306363754367,1657.9071053652733,1673.176777595073,1566.0329394385412,diffuse_r_local
Hubei,2020-02-22,Prevalence of all infected individuals,27026.664082086685,27449.006326626713,28859.36638872083,29625.605592607946,30420.689477876687,31826.800470141017,32192.633240689804,29644.94552657396,diffuse_r_local
Hubei,2020-02-22,Prevalence of pre-symptomatic infections,93.54793798782653,94.28435978734515,96.70441141186996,97.99510191830439,99.3173395286091,101.61528861879201,102.20503290404945,98.00985797618783,diffuse_r_local
Hubei,2020-02-22,"Prevalence of symptomatic, 
not yet recovered infections",26933.116144098858,27354.721966839366,28762.661977308962,29527.610490689643,30321.372138348073,31725.185181522225,32090.428207785753,29546.93566859777,diffuse_r_local
Hubei,2020-02-23,"Prevalence of infections eligible
 for international travel",1169.8023337185755,1184.1204147790595,1231.6404880123946,1257.2759721093375,1283.747042757102,1330.2520585875884,1342.288968643583,1257.7876482858867,diffuse_r_local
Hubei,2020-02-23,Prevalence of all infected individuals,24235.782229855216,24612.678144756628,25871.108074966935,26554.700228377806,27263.951139212288,28518.086580337094,28844.342961889426,26571.876016183127,diffuse_r_local
Hubei,2020-02-23,Prevalence of pre-symptomatic infections,72.3457620868406,72.88954458847897,74.6752881608484,75.62691185075082,76.60125074316082,78.29329242723871,78.72727812534838,75.63722191568752,diffuse_r_local
Hubei,2020-02-23,"Prevalence of symptomatic, 
not yet recovered infections",24163.43646776838,24539.788600168147,25796.432786806086,26479.073316527058,27187.349888469125,28439.793287909855,28765.615683764074,26496.23879426744,diffuse_r_local
Hubei,2020-02-24,"Prevalence of infections eligible
 for international travel",938.2090381385173,949.4784867300823,986.8664944175111,1007.0274002030508,1027.8392850503974,1064.387423809122,1073.8442259781114,1007.4233589360333,diffuse_r_local
Hubei,2020-02-24,Prevalence of all infected individuals,21623.43798535885,21957.985924608492,23074.862655048055,23681.46441106366,24310.765514979583,25423.362464430407,25712.764532518144,23696.633018880326,diffuse_r_local
Hubei,2020-02-24,Prevalence of pre-symptomatic infections,55.93163166292858,56.332151614135576,57.64651524292298,58.34637690959778,59.062546275727605,60.30531056004781,60.623873758330774,58.353542995772635,diffuse_r_local
Hubei,2020-02-24,"Prevalence of symptomatic, 
not yet recovered infections",21567.506353695924,21901.653772994356,23017.216139805132,23623.11803415406,24251.702968703856,25363.05715387036,25652.140658759814,23638.279475884556,diffuse_r_local
Hubei,2020-02-25,"Prevalence of infections eligible
 for international travel",750.5334828272249,759.3751098635073,788.697461603848,804.5022730383237,820.8125658861093,849.443844901531,856.8498374981623,804.8076133898193,diffuse_r_local
Hubei,2020-02-25,Prevalence of all infected individuals,19197.23598871713,19492.64310147047,20478.70553777358,21014.16936931709,21569.606420112814,22551.458747157583,22806.821110370096,21027.492073171732,diffuse_r_local
Hubei,2020-02-25,Prevalence of pre-symptomatic infections,43.230368409590326,43.52457007029139,44.489367070376076,45.00268372705287,45.52767153545912,46.43799654758367,46.67120674309085,45.00763652227569,diffuse_r_local
Hubei,2020-02-25,"Prevalence of symptomatic, 
not yet recovered infections",19154.005620307536,19449.11853140018,20434.216170703203,20969.16668559004,21524.078748577354,22505.02075061,22760.149903627007,20982.484436649454,diffuse_r_local
Hubei,2020-02-26,"Prevalence of infections eligible
 for international travel",598.9575166135149,605.8731573413357,628.7995493127715,641.1515901030554,653.8948933709647,676.2556188106932,682.037799921406,641.386261159907,diffuse_r_local
Hubei,2020-02-26,Prevalence of all infected individuals,16960.75181649602,17220.26395221359,18086.37820956376,18556.624433310702,19044.35266924409,19906.37492134508,20130.54313595683,18568.26326675901,diffuse_r_local
Hubei,2020-02-26,Prevalence of pre-symptomatic infections,33.40606766456001,33.62153952883191,34.327667064627626,34.70306160651819,35.08678125865832,35.75165349529385,35.92188328461107,34.70646377848336,diffuse_r_local
Hubei,2020-02-26,"Prevalence of symptomatic, 
not yet recovered infections",16927.34574883146,17186.642412684756,18052.050542499135,18521.921371704186,19009.265887985428,19870.623267849787,20094.62125267222,18533.55680298053,diffuse_r_local
Hubei,2020-02-27,"Prevalence of infections eligible
 for international travel",476.91938650880496,482.3127125248659,500.1856749635159,509.8109224098505,519.738104607837,537.1503452686025,541.6514971761105,509.99069877825974,diffuse_r_local
Hubei,2020-02-27,Prevalence of all infected individuals,14913.942582908514,15140.782306050538,15897.734216232828,16308.63795160608,16734.764576376463,17487.78361206173,17683.5798622204,16318.75261976411,diffuse_r_local
Hubei,2020-02-27,Prevalence of pre-symptomatic infections,25.80962347663646,25.966927824606326,26.482082719622333,26.755736364968516,27.03530718626545,27.519363738331716,27.643226938057825,26.758057813208296,diffuse_r_local
Hubei,2020-02-27,"Prevalence of symptomatic, 
not yet recovered infections",14888.132959431876,15114.815378225932,15871.252133513206,16281.882215241112,16707.729269190197,17460.2642483234,17655.93663528234,16291.994561950902,diffuse_r_local
Hubei,2020-02-28,"Prevalence of infections eligible
 for international travel",378.94844461657215,383.14267960233695,397.0367434018821,404.5159768563478,412.227533248993,425.74812250344036,429.24216287882786,404.6532721839297,diffuse_r_local
Hubei,2020-02-28,Prevalence of all infected individuals,13053.623936914548,13250.93766564196,13909.255933761715,14266.550826883264,14637.034967979525,15291.612694428888,15461.7896048133,14275.296128615355,diffuse_r_local
Hubei,2020-02-28,Prevalence of pre-symptomatic infections,19.9374822982586,20.05191481596531,20.426417072672173,20.625200578137473,20.828173565280068,21.179350911579196,21.26916088760414,20.626773059782476,diffuse_r_local
Hubei,2020-02-28,"Prevalence of symptomatic, 
not yet recovered infections",13033.68645461629,13230.885750825995,13888.829516689044,14245.925626305125,14616.206794414247,15270.433343517308,15440.520443925696,14254.669355555572,diffuse_r_local
Hubei,2020-02-29,"Prevalence of infections eligible
 for international travel",300.5111631631495,303.76400688216034,314.5355190468672,320.3313703625738,326.30548123779585,336.77561197341595,339.4804916379924,320.43590914114253,diffuse_r_local
Hubei,2020-02-29,Prevalence of all infected individuals,11373.981503512123,11544.79619675074,12114.607606877293,12423.807068454837,12744.37798190604,13310.666537531722,13457.869463135772,12431.330837115771,diffuse_r_local
Hubei,2020-02-29,Prevalence of pre-symptomatic infections,15.3993249918623,15.482241026595954,15.753419673054362,15.897249404141462,16.04403291002448,16.29781106588042,16.36267570054497,15.898306051678746,diffuse_r_local
Hubei,2020-02-29,"Prevalence of symptomatic, 
not yet recovered infections",11358.58217852026,11529.313955724145,12098.854187204239,12407.909819050696,12728.333948996016,13294.36872646584,13441.506787435226,12415.432531064092,diffuse_r_local
Hubei,2020-03-01,"Prevalence of infections eligible
 for international travel",237.87114633763593,240.38723171713244,248.71591440470965,253.19542137761323,257.8113360009342,265.8978699927994,267.9863111812983,253.27478885451805,diffuse_r_local
Hubei,2020-03-01,Prevalence of all infected individuals,9867.08905346582,10014.278373873069,10505.194778133802,10771.530576302332,11047.623922219063,11535.25296789711,11661.990668168346,10777.972123889213,diffuse_r_local
Hubei,2020-03-01,Prevalence of pre-symptomatic infections,11.89280979131138,11.952621987436485,12.148111622432747,12.251718858451214,12.357399040696764,12.539984045336258,12.586626256942974,12.252422670054823,diffuse_r_local
Hubei,2020-03-01,"Prevalence of symptomatic, 
not yet recovered infections",9855.196243674507,10002.325751885632,10493.04666651137,10759.278857443882,11035.266523178365,11522.712983851774,11649.404041911403,10765.719701219157,diffuse_r_local
Hubei,2020-03-02,"Prevalence of infections eligible
 for international travel",187.9643151292064,189.9055212453592,196.32886008690414,199.78211749781818,203.3394841388071,209.56908113574178,211.17744546731103,199.84220625383065,diffuse_r_local
Hubei,2020-03-02,Prevalence of all infected individuals,8523.410714207374,8649.67020154294,9070.705711841583,9299.083044597795,9535.794313298311,9953.78877612933,10062.412036724521,9304.572074783913,diffuse_r_local
Hubei,2020-03-02,Prevalence of pre-symptomatic infections,9.183875191834371,9.226802534184818,9.367016506635517,9.441273639918775,9.516978147873,9.647684031428685,9.68105549370057,9.441737948214833,diffuse_r_local
Hubei,2020-03-02,"Prevalence of symptomatic, 
not yet recovered infections",8514.22683901554,8640.443399008755,9061.338695334947,9289.641770957878,9526.277335150437,9944.1410920979,10052.73098123082,9295.130336835698,diffuse_r_local
Hubei,2020-03-03,"Prevalence of infections eligible
 for international travel",148.2893761236265,149.78330340819466,154.7247936921701,157.38026429271872,160.11499234028236,164.90210122055672,166.1376597790126,157.42563429867596,diffuse_r_local
Hubei,2020-03-03,Prevalence of all infected individuals,7332.26982484239,7440.1003257248985,7799.6161632531885,7994.583811077493,8196.637435617326,8553.363086622016,8646.050601547797,7999.2397531602055,diffuse_r_local
Hubei,2020-03-03,Prevalence of pre-symptomatic infections,7.091405469013805,7.122034678247153,7.222017249395695,7.274930082913664,7.328847770908256,7.421876194676574,7.44561556160099,7.27523320762121,diffuse_r_local
Hubei,2020-03-03,"Prevalence of symptomatic, 
not yet recovered infections",7325.1784193733765,7432.978291046651,7792.394146003793,7987.308880994579,8189.308587846418,8545.941210427338,8638.604985986194,7991.964519952584,diffuse_r_local
